# Object Type: Normal SNe Ia (HSF); Date: 2004-2009, 2019-2023; Number SNe: 738
Name,RA,DEC,Redshift,Redshift Error,Discovery Date (UT),Data Source(s)
SN 2022rbp,25.2798614,-13.3572934,0.06610906802732176,0.00013175781760327006,2022-08-10 09:37:26.400,HSF
SN 2020jht,179.80122268571,11.505493042857,0.030441059327783362,1.0006922855944561e-05,2020-05-09 04:03:46.656,HSF
SN 2020mbf,305.886333,19.7111,0.04734942331337769,0.0001467682018871869,2020-06-09 11:24:00.000,HSF
SN 2020jgl,142.243442219,-14.8055223401,0.00676534697880892,1.4343256093520538e-05,2020-05-07 06:54:43.200,HSF
SN 2019rrt,154.332458,36.651061,0.03349650643979843,1.3342563807926082e-05,2019-10-02 12:07:14.000,HSF
SN 2021lma,160.383852098,52.6510161544,0.06425445165802003,2.6685127615852164e-05,2021-05-06 04:48:58.000,HSF
SN 2021bnb,79.7020475,-36.62507,0.041943350022501234,7.772043418116943e-05,2021-02-02 08:47:02.400,HSF
SN 2021hwk,214.761322569,-7.39058508787,0.04111622062408591,5.7871304469971074e-06,2021-04-03 09:59:49.004,HSF
SN 2019hvj,231.278875,11.585211,0.08524263809198296,1.1674743331935322e-05,2019-06-20 04:31:47.000,HSF
SN 2021adu,92.225167,-39.693589,0.053420289845984056,0.0001300899971272793,2021-01-13 09:12:57.600,HSF
SN 2020uea,37.8382026836,43.464791341,0.01954352033765973,0.00022649002063954528,2020-09-24 09:37:11.004,HSF
SN 2021zqc,278.108917,51.568781,0.033335374693592434,3.794588879554167e-06,2021-09-27 04:24:57.600,HSF
SN 2021hlw,150.97594894,49.41953297,0.05077412587877712,1.7011768855105755e-05,2021-03-29 04:15:53.997,HSF
SN 2021dov,134.077958,-0.442139,0.012698117976003254,1.0674051046340867e-05,2021-02-22 06:36:00.000,HSF
SN 2022mzs,205.6478611,30.190925266666667,0.034737364873935556,4.3363332375759766e-05,2022-06-17 06:52:51.001,HSF
SN 2021huu,178.611208,55.073981,0.046188620262088115,1.6678204759907602e-05,2021-04-03 06:50:49.920,HSF
SN 2021huu,178.611208,55.073981,0.046188620262088115,1.6678204759907602e-05,2021-04-03 06:50:49.920,HSF
SN 2021huu,178.611208,55.073981,0.046188620262088115,1.6678204759907602e-05,2021-04-03 06:50:49.920,HSF
SN 2021huu,178.611208,55.073981,0.046188620262088115,1.6678204759907602e-05,2021-04-03 06:50:49.920,HSF
SN 2021huu,178.611208,55.073981,0.046188620262088115,1.6678204759907602e-05,2021-04-03 06:50:49.920,HSF
SN 2021huu,178.611208,55.073981,0.046188620262088115,1.6678204759907602e-05,2021-04-03 06:50:49.920,HSF
SN 2021huu,178.611208,55.073981,0.046188620262088115,1.6678204759907602e-05,2021-04-03 06:50:49.920,HSF
SN 2021huu,178.611208,55.073981,0.046188620262088115,1.6678204759907602e-05,2021-04-03 06:50:49.920,HSF
SN 2021wvj,222.3415533,9.6752903,0.028159480916627996,6.671281903963041e-06,2021-08-24 04:24:32.000,HSF
SN 2020ocv,266.653851576,20.5047249554,0.062160237437430134,2.8118561104933937e-06,2020-07-08 05:29:28.320,HSF
SN 2020obe,24.191333,-11.73425,0.04349809227021982,0.00013075712531767562,2020-07-06 13:35:02.400,HSF
SN 2021wuf,269.010458,18.353911,0.010009591368706147,2.7352255806248466e-05,2021-08-23 08:55:40.800,HSF
SN 2020tul,9.18183738753,33.105835644,0.06638652098037,4.6025096487462e-06,2020-09-20 07:08:45.004,HSF
SN 2021lat,220.224124,24.971658,0.03385708922670763,8.005538284755648e-06,2021-05-04 09:26:39.264,HSF
SN 2020jsh,146.589292,3.073269,0.019971816635894157,8.005538284755648e-06,2020-05-12 03:43:05.952,HSF
SN 2019gip,299.2558288,50.1785254,0.031461765459089706,5.904084485007291e-05,2019-05-31 11:49:55.000,HSF
SN 2019bbd,189.5266925,8.0462038,0.08594946040970784,1.0006922855944561e-05,2019-02-25 08:32:15.000,HSF
SN 2020jee,175.56125,20.097519,0.01981771002391261,4.903392199412835e-05,2020-05-05 04:33:16.128,HSF
SN 2021ybw,329.551549836,-11.4728143556,0.08642891598111757,4.0482717710635385e-06,2021-09-05 10:01:55.200,HSF
SN 2021ymm,78.787523244444,-16.027569955556,0.05937440894527106,0.00032022153139022597,2021-09-07 11:08:09.600,HSF
SN 2020jjh,248.07225,50.190539,0.047369437159089575,6.671281903963041e-05,2020-05-09 07:26:38.688,HSF
SN 2021gjm,115.588417,12.165781,0.045212676296850426,3.6503369177272316e-06,2021-03-19 04:06:37.996,HSF
SN 2019ycb,184.702667,5.737611,0.046035180778296964,2.0013845711889123e-05,2019-12-27 15:53:16.000,HSF
SN 2021lny,205.26646278,-25.60259172,0.09510348953030158,4.67832785962935e-06,2021-05-07 06:00:39.001,HSF
SN 2020vnq,26.946488233333,42.004506133333,0.07943621982136113,5.632208257229376e-06,2020-10-07 08:07:39.999,HSF
SN 2021mku,170.44322001875,-5.47923689375,0.049823134643367184,0.00015010384283916842,2021-05-15 05:05:20.999,HSF
SN 2019vju,166.000917,-18.776511,0.012730807257332671,6.47114344684415e-05,2019-11-23 20:30:08.000,HSF
SN 2020urj,121.653625,10.457411,0.04182893753784827,6.671281903963041e-06,2020-10-02 11:06:35.001,HSF
SN 2019fcf,265.073458,17.694211,0.055185037286178976,6.787446665823538e-07,2019-05-12 10:53:45.000,HSF
SN 2020npb,269.992583,44.862669,0.038463275817298914,1.6678204759907602e-05,2020-06-23 07:22:42.000,HSF
SN 2020uec,317.452208,15.148581,0.027094097333686527,2.7505581058212547e-06,2020-09-23 05:52:04.000,HSF
SN 2021aceu,19.017083,37.648194,0.03034432574017589,0.0001634464066470945,2021-10-22 07:40:48.000,HSF
SN 2021akx,208.228023333,-28.5677566667,0.04946388611283877,0.00014243186864961095,2021-01-15 14:52:48.000,HSF
SN 2020rlj,345.290059561,23.4872227538,0.03976084014761973,0.00012675435617529778,2020-08-16 07:13:53.003,HSF
SN 2021aip,159.341910357,-7.36679945049,0.029708141720976834,4.2958744270772675e-06,2021-01-14 10:03:35.001,HSF
SN 2021xgx,253.789292,26.663631,0.03438311980483512,6.537856265883781e-05,2021-08-31 07:06:14.400,HSF
SN 2019fyi,215.321764828,35.5088184835,0.029773264009196658,1.6678204759907602e-05,2019-05-25 07:10:37.000,HSF
SN 2021vkc,328.446634566,17.1708396512,0.09556004247256183,2.3684034925752773e-06,2021-08-04 07:43:19.001,HSF
SN 2019opx,28.1618995206,-6.35612392114,0.08786411831614524,1.6678204759907602e-05,2019-08-24 13:00:28.000,HSF
SN 2019vpz,19.639125,-0.228239,0.04724735270024705,1.3342563807926082e-05,2019-11-24 03:33:50.000,HSF
SN 2020eci,230.812067754,0.0649405664894,0.07091639376731752,7.338410094359346e-06,2020-03-04 15:02:52.800,HSF
SN 2021ash,199.9281972,-4.52919029008,0.03600157279473655,0.0002134810209268173,2021-01-16 13:37:55.200,HSF
SN 2019oke,316.564780499,-7.41986978638,0.06934130410979185,6.671281903963041e-06,2019-08-23 10:19:12.000,HSF
SN 2019pff,251.457667,45.086311,0.05964793150333355,3.0020768567833688e-05,2019-09-01 03:23:47.000,HSF
SN 2021abza,277.9046219125,30.91029305,0.0344900308644551,4.515586853281323e-06,2021-10-22 05:11:02.400,HSF
SN 2019pdy,37.9114636364,9.74770363636,0.06903231121005485,2.1120737496160835e-06,2019-08-31 13:27:50.000,HSF
SN 2021wue,18.9473908517,1.50580497958,0.07802827431826731,3.664716503745668e-06,2021-08-20 09:58:03.000,HSF
SN 2019wzy,29.9178682,5.9819679,0.07394090282154535,3.4134435550267628e-06,2019-12-16 03:30:23.000,HSF
SN 2021lxb,195.494375,28.008569,0.025750481021106945,1.2675435617529778e-05,2021-05-09 06:33:07.200,HSF
SN 2019ywf,44.676167,32.573011,0.038603646951112194,4.092500434905999e-06,2019-12-29 03:13:14.000,HSF
SN 2022udc,65.9631925,-10.30844,0.04601850257353706,0.00012008307427133475,2022-09-14 14:31:36.192,HSF
SN 2021iio,286.2489858,50.7340143,0.08612614054317996,1.6233154944630956e-06,2021-04-03 11:19:40.800,HSF
SN 2020cbo,215.13843,-33.328625,0.025120044881182437,0.00015010384283916842,2020-02-08 12:47:31.000,HSF
SN 2020sjo,66.591458,-10.098811,0.031268965412065176,1.934671752149282e-05,2020-08-31 11:21:00.000,HSF
SN 2020dhj,223.37659252,17.2891396457,0.044171558178424886,7.004845999161194e-06,2020-02-24 11:01:04.000,HSF
SN 2019dwd,160.7275312,21.6247591,0.05122543809958021,6.671281903963041e-06,2019-04-24 05:50:16.000,HSF
SN 2020nef,229.99642286,20.7131538,0.04095499960842911,1.0006922855944561e-05,2020-06-19 06:07:28.416,HSF
SN 2019dyo,135.278636862,52.6510378974,0.029829302777189946,9.67335876074641e-06,2019-04-25 07:29:16.000,HSF
SN 2021msv,195.09912456,-11.96550124,0.05073309749506774,0.00024983950730341593,2021-05-18 08:32:38.400,HSF
SN 2019vqm,203.076612953,7.9404662813,0.023613002299077184,1.3342563807926082e-05,2019-11-26 15:18:43.000,HSF
SN 2021vio,263.52544609999995,8.512882399999999,0.09251387962130915,4.5768990489802874e-06,2021-08-08 04:35:51.000,HSF
SN 2021jys,135.305833,10.437389,0.03615834791947969,1.3342563807926082e-05,2021-04-17 06:37:26.400,HSF
SN 2021xfo,41.9747733333,-32.5704166667,0.06312033373434632,0.0001467682018871869,2021-08-29 13:23:31.200,HSF
SN 2021vju,340.602475072,6.96069908798,0.040469997414011,0.00020013845711889123,2021-08-09 08:59:21.120,HSF
SN 2021jtb,224.678365833,53.6692925,0.07330404556074589,2.0013845711889123e-05,2021-04-14 10:48:00.000,HSF
SN 2021ads,203.781428889,-33.4831355556,0.012728805872761482,0.00011007615141539018,2021-01-13 07:55:12.000,HSF
SN 2019mrw,355.320083,25.550019,0.03134301664119916,1.2341871522331627e-05,2019-08-05 11:26:20.000,HSF
SN 2021min,222.24025,18.326689,0.04203441302049033,1.3342563807926082e-05,2021-05-15 09:04:19.200,HSF
SN 2021nya,184.508542,24.718,0.06445459011513892,1.0006922855944561e-05,2021-05-27 06:14:22.000,HSF
SN 2020vbv,344.184167,4.48365,0.054496054824365016,9.346064459986314e-06,2020-10-07 09:53:16.800,HSF
SN 2020tnw,316.257473949,8.27390283353,0.06803,5.9999999999999995e-05,2020-09-14 06:38:37.000,HSF
SN 2020mnw,224.087811528,9.33607126839,0.08077921693413649,1.6678204759907602e-05,2020-06-13 08:29:45.600,HSF
SN 2020tce,45.470542,16.992881,0.06136774025819395,3.9042036510741895e-06,2020-09-13 12:38:52.800,HSF
SN 2020jhf,198.722667,27.008639,0.01544068196672246,6.337717808764889e-06,2020-05-08 10:13:26.400,HSF
SN 2022eat,167.879066032,19.8272786896,0.02758793805128781,1.6971387698898333e-06,2022-03-03 05:26:11.328,HSF
SN 2021wlw,278.6656771,44.2358585,0.06564131279510536,7.418689219836072e-06,2021-08-20 07:49:26.400,HSF
SN 2021igt,191.25050259,21.1417000006,0.07535546474621453,6.671281903963041e-06,2021-04-05 09:17:16.800,HSF
SN 2021ghc,149.137458,0.752289,0.04617194205732822,1.0006922855944561e-05,2021-03-19 08:44:09.600,HSF
SN 2021khn,195.799262855,-6.6631930874,0.07802627156499216,1.834163540066075e-05,2021-04-19 09:40:19.200,HSF
SN 2019igg,229.8108381,7.8664616,0.04726870080233973,1.28522245879848e-05,2019-06-24 05:37:38.000,HSF
SN 2021nyt,245.807574984,26.4759429628,0.0644595935765669,1.2008307427133473e-05,2021-05-29 06:41:20.000,HSF
SN 2022mvc,232.552288,7.7653304,0.03502422999580597,2.0013845711889123e-05,2022-06-16 09:53:02.112,HSF
SN 2021fxy,198.256542,-19.51255,0.00948389435467386,2.6351563520654015e-05,2021-03-17 17:23:37.000,HSF
SN 2020ndv,347.408741833,12.8300018913,0.037415884558376716,2.2015230283078036e-05,2020-06-21 12:44:38.400,HSF
SN 2020bqz,234.76485744,31.19842962,0.05396066368020505,2.0013845711889123e-05,2020-02-02 12:28:33.000,HSF
SN 2020kyx,243.439625,22.920661,0.03191607975674959,1.1007615141539018e-05,2020-05-24 06:27:05.003,HSF
SN 2019fcw,228.032700503,1.06049225624,0.08781741934281749,6.0041537135667375e-05,2019-05-13 06:01:30.000,HSF
SN 2021jwl,233.89276104,5.39222793307,0.038463275817298914,4.669897332774129e-05,2021-04-13 10:29:04.004,HSF
SN 2021fnt,203.247592831,32.6095845838,0.03576240733847948,1.134117923673717e-05,2021-03-14 14:48:28.800,HSF
SN 2022fw,185.9751531,-3.443856,0.006690295057389336,8.339102379953801e-06,2022-01-09 11:45:36.000,HSF
SN 2022shv,272.8773471,36.1739959,0.07025258973127703,7.018980709705412e-07,2022-08-25 04:17:45.600,HSF
SN 2019fzt,168.86130145455,25.958940881818,0.04620529846684803,1.0006922855944561e-05,2019-05-26 06:30:14.000,HSF
SN 2019dwq,223.565125,4.792989,0.02754972575060578,7.338410094359346e-06,2019-04-24 07:07:12.000,HSF
SN 2022mvb,240.53912,-6.43447666667,0.029583799603124107,0.0001300899971272793,2022-06-16 10:00:59.904,HSF
SN 2021mim,235.089020072,7.28152761418,0.0382314487711362,0.00010674051046340866,2021-05-15 07:35:06.003,HSF
SN 2021hwx,229.860873305,23.3976319294,0.08748051960666736,2.3349486663870643e-05,2021-04-03 08:41:15.996,HSF
SN 2020qic,3.773333,43.343289,0.04949142768274777,3.3019924915098087e-06,2020-07-24 11:18:30.000,HSF
SN 2021llv,212.956705064,18.0085719096,0.08275391637770954,6.671281903963041e-06,2021-05-04 06:38:13.004,HSF
SN 2020mvp,218.943917,24.726231,0.036059946511396226,3.3022845424617055e-05,2020-06-17 08:18:14.400,HSF
SN 2020may,185.995625,48.35525,0.05336358394980037,1.3342563807926082e-05,2020-06-09 04:12:54.432,HSF
SN 2020clq,68.356542,-4.265831,0.015020057642677588,6.47114344684415e-05,2020-02-14 03:17:51.000,HSF
SN 2021ymj,257.97575252,34.15365124,0.08409484404040611,1.6678204759907602e-05,2021-09-10 05:42:43.200,HSF
SN 2020mnv,250.182625,40.414481,0.025886241607852592,1.6344640664709453e-05,2020-06-14 09:38:52.800,HSF
SN 2021pfs,210.84825,-6.031639,0.008970539212163904,0.00012775504846089224,2021-06-09 05:14:26.002,HSF
SN 2021ihz,228.36383990000002,25.20666325,0.06976292912612232,1.5677512474313148e-05,2021-04-03 08:41:15.996,HSF
SN 2019ecs,160.885375,48.445639,0.041315248831243115,1.0006922855944561e-05,2019-04-23 04:58:50.000,HSF
SN 2020smn,271.973363344,30.5716406659,0.07096272960654135,7.00108630333207e-07,2020-09-04 06:40:28.998,HSF
SN 2021yeq,242.506983333,-2.654,0.04480432926701579,6.671281903963041e-05,2021-09-07 06:10:04.800,HSF
SN 2021itd,221.212833,43.316769,0.08007539669326838,3.0020768567833688e-05,2021-04-07 07:49:29.001,HSF
SN 2019wfa,326.253583,9.123831,0.06022160656053212,1.135894210805774e-05,2019-12-08 05:39:50.000,HSF
SN 2021aalx,9.28480052389,25.6937469923,0.03224564108280536,6.337717808764889e-05,2021-10-04 05:39:22.752,HSF
SN 2020wob,348.404667,4.148939,0.04302073974248967,5.438541831586513e-06,2020-10-14 06:00:21.997,HSF
SN 2021dit,217.841692922,55.7632480683,0.041538736775025877,1.3342563807926082e-05,2021-02-19 09:40:01.998,HSF
SN 2021j,186.612544421,31.2223756347,0.0024450248178024547,3.0020768567833688e-05,2021-01-01 11:44:04.001,HSF
SN 2020nvb,187.244917,3.572781,0.002952042242503646,7.671974189557497e-06,2020-07-01 13:10:34.000,HSF
SN 2019ava,113.245333,58.2789,0.03980753912094747,5.670589618368584e-05,2019-02-08 05:18:48.000,HSF
SN 2020rgz,273.004417,51.724581,0.027721096279568154,3.7685842653456536e-07,2020-08-13 05:17:32.997,HSF
SN 2020yxd,32.3069805428,33.0439144031,0.04602159395961616,3.962153021029591e-06,2020-11-03 10:23:31.200,HSF
SN 2020zj,240.334917,16.677719,0.03156750527726752,1.0006922855944561e-05,2020-01-07 12:04:19.000,HSF
SN 2021oat,195.034417,28.170311,0.022523248400064824,8.339102379953801e-06,2021-05-30 09:40:19.200,HSF
SN 2021vnx,285.9034966,-27.4027573,0.04156688182792595,6.038301637797949e-06,2021-08-08 06:02:52.800,HSF
SN 2021hjc,141.388792,-24.764981,0.053726168121280754,9.840140808345485e-05,2021-03-30 05:32:38.400,HSF
SN 2022P,121.194077445,-3.58719147836,0.05280319626986747,0.0001300899971272793,2022-01-01 10:22:04.800,HSF
SN 2020naj,209.91275,29.710119,0.05733162788847198,2.3676960902996314e-06,2020-06-19 05:09:56.736,HSF
SN 2019fdc,240.277677329,49.0097439736,0.042602806238707984,1.0006922855944561e-05,2019-05-13 09:14:49.000,HSF
SN 2021dev,162.600624426,0.926926147397,0.054194158546843764,1.3342563807926082e-05,2021-02-17 07:37:30.999,HSF
SN 2020uzw,27.1205251158,12.8961439663,0.07437478630633197,1.6678204759907602e-05,2020-10-06 07:37:55.200,HSF
SN 2019xbg,158.28471846667,-22.1892658,0.07932988094050052,0.00014209830455441278,2019-12-19 12:01:11.000,HSF
SN 2019voo,184.927208,-12.225731,0.01392963661547483,3.4357101805409666e-05,2019-11-25 14:42:43.000,HSF
SN 2021ixf,262.604875,37.010911,0.04137081290646493,7.705309633225521e-07,2021-04-10 09:53:34.996,HSF
SN 2020cpn,107.880367149,58.9515789126,0.08015545207611594,0.00012341871522331626,2020-02-15 07:36:28.000,HSF
SN 2021kom,156.2095,3.562081,0.045051833825652816,8.005538284755648e-06,2021-04-28 08:51:21.600,HSF
SN 2019klr,16.6758338,49.2344258,0.02221464209480339,4.637095049404155e-06,2019-07-04 13:53:45.000,HSF
SN 2020zem,20.2178481372,4.79557585589,0.03401686642830755,3.1021460853428146e-05,2020-11-10 10:59:31.200,HSF
SN 2020mdd,237.974188375,34.07338725,0.048780413281777756,1.6678204759907602e-05,2020-06-10 09:08:38.400,HSF
SN 2022uax,300.663807143,-37.97019,0.04005530364280409,8.82058324078172e-06,2022-09-12 02:04:12.864,HSF
SN 2020fxa,233.637667,37.533831,0.06422776653040418,1.6678204759907602e-05,2020-04-04 11:00:17.001,HSF
SN 2023hjq,203.3031275,-16.140485,0.02089445492321225,7.671974189557497e-05,2023-04-30 20:48:50.400,HSF
SN 2021kut,157.87405495000002,6.24264155,0.031263628386542,1.0340486951142714e-05,2021-05-01 04:05:46.000,HSF
SN 2020zhh,66.5826784703,-10.0991275863,0.031268965412065176,1.934671752149282e-05,2020-11-11 11:18:14.400,HSF
SN 2020tjo,355.582327347,-14.7029229275,0.08474124858974617,1.31015620190994e-06,2020-09-11 10:01:55.200,HSF
SN 2021wkv,247.892333,40.568081,0.0273289063195846,1.3676127903124233e-05,2021-08-20 06:38:52.800,HSF
SN 2021wrt,38.4194936031,40.6674738652,0.07915024958589248,6.804613606421761e-06,2021-08-20 13:53:45.600,HSF
SN 2019cth,221.447875,50.396761,0.013359575576781187,1.767889704550206e-05,2019-04-03 06:24:38.000,HSF
SN 2020kqv,312.262504,-31.731072,0.07452292932073154,2.9252982438887627e-06,2020-05-20 13:59:31.200,HSF
SN 2019myw,333.011107522,0.0522001750839,0.05677160831043989,1.5010384283916844e-05,2019-08-08 11:44:09.000,HSF
SN 2020uwr,359.264639497,17.9040250912,0.07944792345893416,8.253253246832959e-06,2020-10-02 06:06:58.003,HSF
SN 2021hiz,186.423625,7.228389,0.003318962747221613,1.0006922855944561e-05,2021-03-30 08:36:49.003,HSF
SN 2021och,221.027667,18.010961,0.032147573238817104,9.339794665548258e-06,2021-06-01 08:19:42.001,HSF
SN 2022aw,357.211768,-4.334784,0.048800606658040875,1.2313800026742677e-05,2022-01-05 05:12:28.800,HSF
SN 2021qdi,173.654735455,5.31503363636,0.06309698424768244,6.671281903963041e-06,2021-06-15 06:07:12.000,HSF
SN 2021div,254.0824111,39.2758209,0.06206560406532976,1.4009691998322387e-05,2021-02-17 11:42:54.000,HSF
SN 2019wfc,159.062083,52.947419,0.046538862562046174,2.0013845711889123e-05,2019-12-07 14:51:21.000,HSF
SN 2019bqe,149.91629503636,35.395130863636,0.017137522518995457,1.0674051046340867e-05,2019-03-07 19:26:10.000,HSF
SN 2020szr,347.387917,15.659269,0.025280489210972746,6.671281903963041e-06,2020-09-11 11:03:50.400,HSF
SN 2020zfu,28.0379480712,42.8698362691,0.07231154207173157,4.777509696650417e-06,2020-11-11 07:18:03.001,HSF
SN 2021usd,275.513899561,36.6223201589,0.028239536299475555,0.00015343948379114994,2021-08-02 09:01:26.400,HSF
SN 2023hka,212.7430997,-27.0616747,0.021538,0.00015,2023-04-29 09:04:19.200,HSF
SN 2021wfg,325.105145169,11.7489612858,0.07939826158001613,6.671281903963041e-06,2021-08-17 09:15:50.400,HSF
SN 2021abht,115.752875,31.386389,0.03512763486531739,1.3342563807926082e-05,2021-10-11 14:51:21.600,HSF
SN 2022rfj,323.1717395,-7.2238804000000005,0.08552583400880619,2.3349486663870643e-05,2022-08-14 07:59:47.996,HSF
SN 2022yxp,74.0234323,1.8185835,0.027935992972845238,9.006230570350105e-05,2022-10-28 10:37:29.997,HSF
SN 2020cho,160.961382879,18.658406394,0.030226911178666143,1.1674743331935322e-05,2020-02-12 07:04:08.000,HSF
SN 2021die,200.510971615,54.6909195545,0.07926150030098489,2.6685127615852164e-05,2021-02-17 08:47:14.997,HSF
SN 2019awc,231.8757772,28.6994081401,0.06422109524850021,1.3342563807926082e-05,2019-02-08 12:23:57.000,HSF
SN 2021acaz,268.185280645,56.9330019771,0.05801595088112991,3.5752485868130453e-06,2021-10-23 04:46:33.600,HSF
SN 2021bjy,132.389292,50.867689,0.027289545756351216,9.339794665548258e-06,2021-01-30 11:32:38.400,HSF
SN 2019njp,51.690667,1.183289,0.04851356200561924,3.3356409519815205e-06,2019-08-12 11:56:41.000,HSF
SN 2020dxr,176.106189182,53.5715556249,0.05524488544671795,1.0006922855944561e-05,2020-03-03 09:45:59.000,HSF
SN 2021klg,139.59963285,39.380958975,0.027579079390983214,1.3342563807926082e-05,2021-04-24 04:17:09.001,HSF
SN 2019eow,258.496638281,3.49240579181,0.07088920027991241,0.00019884536657518298,2019-05-05 09:04:33.000,HSF
SN 2020cdm,188.755386936,-5.48857633754,0.022898508007162744,8.038894694275465e-05,2020-02-09 12:17:16.000,HSF
SN 2021gba,219.266182819,-8.07644043888,0.10371728625978194,3.714039074446951e-06,2021-03-15 12:59:02.400,HSF
SN 2022ubg,42.743198,41.062218,0.011898231275718084,6.0041537135667375e-05,2022-09-13 12:55:05.664,HSF
SN 2022rky,318.6212385,-9.0476159,0.029777266778339036,0.0001300899971272793,2022-08-18 07:22:04.800,HSF
SN 2022rjj,10.12012515,-9.62573915,0.056188871836128716,2.0013845711889123e-05,2022-08-12 10:57:09.003,HSF
SN 2021dgm,237.571417195,8.35937396113,0.059387751509079,6.671281903963041e-06,2021-02-18 11:35:23.001,HSF
SN 2021jje,243.731399332,-1.67732217002,0.04948733561921573,9.408931384589925e-06,2021-04-12 14:39:50.400,HSF
SN 2020uvg,16.5956133839,-20.6132090124,0.054759863773840685,5.576976883015644e-06,2020-10-04 06:48:57.600,HSF
SN 2020ucf,90.533875,46.508561,0.05632411213490663,7.73258581081293e-06,2020-09-22 12:15:58.000,HSF
SN 2020ywy,15.1393817551,-1.685001207,0.042759914927546314,7.671974189557497e-05,2020-11-03 08:21:07.200,HSF
SN 2021feg,221.988858416,-22.1886776662,0.05954354634794988,1.5485771442530494e-06,2021-03-09 12:01:34.997,HSF
SN 2021dsi,179.879383317,-1.14649908803,0.07658298061654373,1.0006922855944561e-05,2021-02-23 10:23:31.200,HSF
SN 2022B,153.660472819,-0.825595238586,0.04902057943032043,1.0006922855944561e-05,2022-01-01 11:51:21.600,HSF
SN 2021aabw,82.409375,-23.99265,0.032337037644889655,0.00013109068941287376,2021-09-30 12:57:36.000,HSF
SN 2023guy,193.9809658,7.9306281,0.04152872985216993,1.6678204759907602e-05,2023-04-26 06:37:23.808,HSF
SN 2020uvf,18.5113548219,14.3811226831,0.05951117022430231,1.3342563807926082e-05,2020-10-04 06:40:19.200,HSF
SN 2019amo,211.841303027,-1.09237162209,0.05508811032197481,1.6678204759907602e-05,2019-02-04 15:00:00.000,HSF
SN 2020uxz,21.028708,12.921461,0.008242368792346338,5.3370255231704335e-06,2020-10-05 13:45:30.000,HSF
SN 2021bjz,80.560875,-13.562661,0.055415003135269,0.00046365409232543135,2021-01-30 08:25:26.400,HSF
SN 2020tpf,81.2790377,-21.246447575,0.02886663679844808,0.0001300899971272793,2020-09-17 14:29:45.600,HSF
SN 2022nbq,314.1885141,4.2516749,0.07552169732227385,2.4897770489959448e-06,2022-06-20 09:05:26.998,HSF
SN 2020ver,313.579416,9.1580717,0.09090481371485952,3.190995007118502e-07,2020-10-08 04:29:15.003,HSF
SN 2021kld,320.706119104,-20.1184801198,0.07132061365027212,2.201857548081443e-06,2021-04-22 14:21:07.200,HSF
SN 2021gyh,195.966109934,-3.4517535775,0.08597814692189489,0.00014843602236317766,2021-03-20 09:59:02.400,HSF
SN 2020zpi,40.085208,-1.446861,0.0370569695919435,0.00010740763865380498,2020-11-12 07:35:24.000,HSF
SN 2021abpg,274.174042,15.29745,0.04563953809825338,2.658469420172005e-06,2021-10-15 02:50:36.672,HSF
SN 2021wjb,300.208,-38.577231,0.02001117719912754,2.6685127615852164e-05,2021-08-18 02:09:36.000,HSF
SN 2020xpk,24.431627033333,-22.704277766667,0.04119372689757057,2.648237058963665e-06,2020-10-20 09:10:38.004,HSF
SN 2020tdy,252.841324,7.8616083,0.043306314678665095,1.973771954620618e-06,2020-09-14 06:36:00.000,HSF
SN 2019bgt,138.0261107,15.91012,0.07158619047047542,1.3342563807926082e-05,2019-02-27 10:14:52.000,HSF
SN 2021yrf,54.667583,38.021589,0.01654477912182834,3.535779409100412e-05,2021-09-11 13:20:38.400,HSF
SN 2022nag,271.252717,9.479958,0.02066096005657354,0.00020680973902285427,2022-06-17 07:54:04.000,HSF
SN 2020kpx,234.542292,4.780669,0.022909182058209084,5.670589618368585e-06,2020-05-21 09:28:48.000,HSF
SN 2020uwo,356.294167,-25.822369,0.05303669113650618,0.00010006922855944561,2020-10-04 06:02:43.996,HSF
SN 2022qye,323.383667,28.812619,0.04334161615235741,2.7285527533227327e-06,2022-08-06 09:43:12.000,HSF
SN 2020pst,18.300167,2.283839,0.046035180778296964,0.0001934671752149282,2020-07-17 11:01:55.000,HSF
SN 2019dfa,149.749375,17.818719,0.025459279565998957,2.2015230283078036e-05,2019-04-10 08:16:47.000,HSF
SN 2020yzs,19.0088450587,-10.8644572025,0.06721316518242765,2.6685127615852164e-05,2020-11-07 09:21:36.000,HSF
SN 2020unl,98.950417,55.711081,0.04163640153035003,2.8250239492502716e-07,2020-09-30 08:51:24.002,HSF
SN 2019ata,153.544917,-35.160889,0.02976392421453111,0.0001300899971272793,2019-02-09 11:57:07.000,HSF
SN 2019vuh,51.6765581452,-23.4988033714,0.03629377494213013,0.00011441248465296614,2019-11-28 08:34:04.000,HSF
SN 2020yvg,307.72892601429,19.337994085714,0.0901502965965792,6.998805543251274e-06,2020-11-03 02:51:01.996,HSF
SN 2022sue,246.6309207,25.8933216,0.04996790146068318,1.3342563807926082e-05,2022-09-01 15:40:39.936,HSF
SN 2019oml,45.0844949917,18.7436121626,0.03299982950204838,1.4009691998322387e-05,2019-08-24 11:09:00.000,HSF
SN 2021xzl,346.038713847,-6.42054060334,0.04467757491084049,0.0001300899971272793,2021-09-05 07:29:00.997,HSF
SN 2019obt,5.1442202941176,5.7550457882353,0.05600874722472171,1.3342563807926082e-05,2019-08-21 09:06:12.000,HSF
SN 2020uye,24.3304499277,4.80194699624,0.05842350001828025,2.8137919183685023e-06,2020-09-28 10:58:04.800,HSF
SN 2022syq,1.9159989922,12.2630341791,0.09643544605205695,2.0547244084942462e-05,2022-08-31 09:34:56.928,HSF
SN 2021kax,194.960700691,22.7232917924,0.07255113796810607,3.4032771851350008e-06,2021-04-13 07:59:47.003,HSF
SN 2021biz,184.1448112,33.5265313,0.021815091825959147,0.00014343256093520538,2021-01-29 13:01:55.200,HSF
SN 2020vdz,129.316875,-5.923789,0.04085493037986967,0.00014343256093520538,2020-10-08 12:02:52.800,HSF
SN 2022rkc,30.5550723,31.69522,0.07162937353684633,1.5928952961513643e-07,2022-08-15 10:20:38.400,HSF
SN 2020jol,156.838125,0.422169,0.021702680725877367,1.3342563807926084e-06,2020-05-11 06:51:50.400,HSF
SN 2019kcv,216.43574294615,-3.2330263076923,0.0730138447979235,0.0002902007628223923,2019-07-02 07:40:48.000,HSF
SN 2021koq,274.00425,6.751769,0.020526867290303882,1.1007615141539018e-05,2021-04-28 11:39:50.400,HSF
SN 2019drp,215.510884285,30.067005557,0.08522562632312786,2.6685127615852164e-05,2019-04-19 10:09:25.000,HSF
SN 2020uyg,93.829667,-29.319261,0.04808993560471759,0.00015010384283916842,2020-10-05 13:19:12.000,HSF
SN 2021aut,201.814170585,-26.7761117205,0.04415473278409448,4.9774223109741444e-06,2021-01-17 14:29:45.600,HSF
SN 2021xoo,351.10125557222,45.477214305556,0.08709596495518063,4.278980684800648e-06,2021-09-01 11:38:24.000,HSF
SN 2020ulf,240.420417,21.354869,0.032081527547967864,2.8019383996644775e-05,2020-09-29 05:28:19.200,HSF
SN 2020yxo,26.8630054,0.96763981666667,0.09432859048108543,1.6678204759907602e-05,2020-11-01 07:25:16.608,HSF
SN 2019hqg,235.100708,41.7837,0.07761538938256175,1.6496154060935408e-06,2019-06-13 05:20:17.000,HSF
SN 2021hji,252.171380618,21.9971688313,0.057669896418808514,6.671281903963041e-06,2021-03-28 11:35:12.002,HSF
SN 2020wcj,43.209625,-1.231031,0.023848164986191883,1.4676820188718693e-05,2020-10-12 09:07:46.560,HSF
SN 2022nbi,322.302958,-0.620919,0.03017887794895761,9.339794665548258e-06,2022-06-17 21:27:21.600,HSF
SN 2020svo,40.6334713728,-0.963140241395,0.03874680529821734,6.671281903963041e-06,2020-09-08 12:56:09.600,HSF
SN 2021bjb,210.917992857,-34.1839028571,0.015024727540010364,4.202907599496716e-05,2021-01-29 14:26:52.800,HSF
SN 2019bdz,222.1537264,6.8144252,0.03465397385013602,2.0013845711889123e-05,2019-02-26 13:56:38.000,HSF
SN 2020sme,41.08675,14.9213,0.04562489694120324,0.0004202907599496716,2020-09-04 09:12:57.600,HSF
SN 2020xps,44.3917224393,13.4754265526,0.07112085939072164,4.6082096530064565e-06,2020-10-18 09:50:52.002,HSF
SN 2021yjq,228.751325,17.4007316667,0.07480008052770962,1.8346025235898363e-05,2021-09-08 06:08:38.400,HSF
SN 2022edq,197.947698878,17.4608050542,0.07177632200473837,1.3342563807926082e-05,2022-03-03 08:40:03.999,HSF
SN 2021iov,141.661822388,-7.08712646892,0.053947321116397134,0.0001300899971272793,2021-04-08 07:58:04.800,HSF
SN 2022rkd,239.0995659,12.1323178,0.07080565048771174,2.0013845711889123e-05,2022-08-15 04:24:57.600,HSF
SN 2020tkp,359.544048488,22.7701245689,0.03479407077011924,1.7345332950303908e-05,2020-09-14 08:07:09.120,HSF
SN 2019gci,189.898190314,45.3771470742,0.04692112701514326,1.2675435617529778e-05,2019-05-29 04:36:08.000,HSF
SN 2022I,153.9748731,-2.69352033056,0.05140356132641603,0.0001664484835038779,2022-01-01 11:52:48.000,HSF
SN 2022ba,44.45175,-14.8855,0.030460072481209653,0.00015010384283916842,2022-01-05 07:19:12.000,HSF
SN 2020kku,263.14051208,15.7358797031,0.08367103707434971,1.9034556054536855e-06,2020-05-18 09:42:30.001,HSF
SN 2022H,147.438673821,6.29658798999,0.06122568967362081,1.6678204759907602e-05,2022-01-01 11:47:02.400,HSF
SN 2020wap,13.465514874,-18.3108860523,0.10024122525312838,2.9697757417332382e-06,2020-10-08 08:36:49.997,HSF
SN 2023gxc,201.57966635,1.54142525,0.07770042033545754,0.0002968720447263553,2023-04-27 07:06:37.996,HSF
SN 2020swy,20.9815,-38.013761,0.03200747631883388,0.00010640694636821049,2020-09-09 11:03:50.400,HSF
SN 2019iml,262.822333,36.45065,0.04944754147217406,3.6692050471796725e-05,2019-06-29 10:09:07.000,HSF
SN 2023hro,190.944237273,-20.1582018182,0.027298885551016765,0.00012008307427133475,2023-05-07 22:52:37.344,HSF
SN 2021pzt,12.665502351,38.3215566076,0.07595614099153382,7.115845608446358e-07,2021-06-13 14:05:16.800,HSF
SN 2021abpz,157.9797596,49.3655139,0.052118389182425666,1.3008999712727931e-05,2021-10-16 11:38:48.002,HSF
SN 2019bgs,240.842167,27.498469,0.0768543405851095,1.577153404470899e-05,2019-02-27 15:04:19.000,HSF
SN 2021ill,139.938917,-30.877989,0.05556501205661148,1.00144511972107e-05,2021-04-07 07:29:16.800,HSF
SN 2020xqr,67.7126808765,9.06851422204,0.06047194856880595,2.6994628232711315e-06,2020-10-21 08:08:02.688,HSF
SN 2019wqd,218.2942912,6.0635603,0.05522487160100606,6.671281903963041e-06,2019-12-14 13:35:52.000,HSF
SN 2022yuj,117.546603333,37.4478583333,0.076128,0.000181,2022-10-25 13:32:07.872,HSF
SN 2019eok,256.381929177,12.5684260002,0.04634035063997714,1.7767071256481748e-05,2019-05-04 13:16:19.000,HSF
SN 2022ucj,67.7131283333,-16.306125,0.031328339821010444,2.0013845711889123e-05,2022-09-14 02:44:44.160,HSF
SN 2021iai,205.87809639,9.6234083465,0.06973157410117369,6.671281903963041e-06,2021-04-01 07:59:16.002,HSF
SN 2019yfu,191.401498428,1.18360934272,0.08449845659559588,1.3342563807926082e-05,2019-12-27 12:36:00.000,HSF
SN 2020add,155.009390681,6.63179354225,0.10853174965462274,1.6678204759907602e-05,2020-01-17 11:38:24.000,HSF
SN 2021pyz,289.049642239,45.148508518,0.061413132005499846,4.94794034045648e-06,2021-06-13 08:54:15.998,HSF
SN 2022nbn,332.8557092,-16.6100781,0.0451491888941803,1.144382897572821e-06,2022-06-14 09:35:04.998,HSF
SN 2019gcj,163.7759561,57.6489345,0.04616193513447227,6.671281903963041e-06,2019-05-30 04:14:00.000,HSF
SN 2020kru,288.899596288,53.3393045972,0.027117757018971813,5.443688009509548e-06,2020-05-21 11:55:40.800,HSF
SN 2019ons,328.521042,-16.159519,0.03678611554664261,0.00013075712531767562,2019-08-25 08:54:10.000,HSF
SN 2020ees,201.813292,32.033619,0.024378865461652143,6.671281903963041e-06,2020-03-05 11:19:40.800,HSF
SN 2020aabz,43.746,4.060281,0.026318207111134195,2.0013845711889123e-05,2020-11-16 07:39:21.600,HSF
SN 2019xvx,213.037,-4.120411,0.05449770187347408,0.00016678204759907602,2019-12-25 04:40:48.000,HSF
SN 2020yvu,345.249458,40.9106,0.01686029352139923,2.0623027195652843e-06,2020-11-04 08:49:55.200,HSF
SN 2019one,31.09978786,3.18681441796,0.0763825624008605,1.2338346621551533e-06,2019-08-14 09:34:33.000,HSF
SN 2019omi,57.249125,0.926919,0.03578809177380973,1.8679589331096515e-05,2019-08-24 11:07:03.000,HSF
SN 2020qlr,262.220417,57.918119,0.06486691421876593,3.2959793548892335e-06,2020-07-29 03:51:23.996,HSF
SN 2021bkw,215.306725926,20.7149971176,0.018192252188012015,1.3676127903124233e-05,2021-01-31 13:16:19.200,HSF
SN 2019bsu,255.780476154,27.9454215385,0.06306304635177042,9.576765742605464e-06,2019-03-11 14:47:02.000,HSF
SN 2022aapl,38.6689827273,-26.2295636364,0.05783,0.0016770699999999997,2022-11-15 02:59:30.624,HSF
SN 2021bsf,181.516834213,20.537031787,0.023723078450492575,2.6685127615852164e-05,2021-02-04 14:58:33.600,HSF
SN 2020ayh,290.284,43.328669,0.018286650826953087,8.005538284755648e-06,2020-01-25 04:19:12.000,HSF
SN 2021vt,201.782399636,11.3523929005,0.08979447005693343,3.122221491097532e-06,2021-01-09 11:36:56.002,HSF
SN 2020xtz,272.962875,14.98245,0.007625608780324954,1.0006922855944561e-05,2020-10-21 03:57:33.002,HSF
SN 2020jge,273.685434664,43.4561430773,0.061991302207248924,6.109445596046842e-06,2020-05-04 11:17:19.968,HSF
SN 2021low,176.19275,20.126189,0.021929170746516912,5.670589618368585e-06,2021-05-06 05:35:31.200,HSF
SN 2022mtp,261.5520198,27.618718,0.0848019999222262,2.3349486663870643e-05,2022-06-13 07:28:22.999,HSF
SN 2020nei,196.89961606667,43.560012633333,0.06173604273927399,2.6685127615852164e-05,2020-06-17 05:44:50.208,HSF
SN 2022tvz,298.75688375,-21.09922125,0.022128642075445407,2.3349486663870643e-05,2022-09-09 20:31:03.360,HSF
SN 2021dnm,189.350889393,23.0935396452,0.04607187282876876,6.671281903963041e-06,2021-02-20 08:55:51.000,HSF
SN 2021jvs,224.436686823,6.62438029684,0.021484863371712976,1.7345332950303908e-05,2021-04-16 08:43:57.996,HSF
SN 2022mme,278.40055125,41.4894,0.08327357002029687,4.9227304577958986e-06,2022-06-09 11:04:24.960,HSF
SN 2019fyb,154.9735369875,22.105147975,0.04382965498084678,6.671281903963041e-06,2019-05-24 06:50:23.000,HSF
SN 2019ope,346.718985556,-37.8503288889,0.06044514969085714,0.0002134810209268173,2019-08-25 03:21:36.000,HSF
SN 2019ftd,194.4213978,-24.476642533333,0.04795017224882956,0.00010840833093939942,2019-05-22 09:14:24.000,HSF
SN 2022zoa,149.6303607,-2.8208082,0.04745,0.00137605,2022-11-05 11:27:48.001,HSF
SN 2021dnl,221.762447925,0.475774107599,0.055821951331410755,2.0013845711889123e-05,2021-02-20 08:36:03.000,HSF
SN 2020kzn,234.54817776667,3.0278325833333,0.07775379059068925,2.0013845711889123e-05,2020-05-22 07:31:30.720,HSF
SN 2022mxe,233.18919325000002,23.08641545,0.051562337835730346,1.3342563807926082e-05,2022-06-17 05:36:30.997,HSF
SN 2019kpv,356.773333,-34.709739,0.0425,0.000297,2019-07-05 13:13:26.000,HSF
SN 2020cxx,48.08175,41.28225,0.029846941653720437,8.331070401549483e-07,2020-02-20 02:52:35.000,HSF
SN 2021irx,206.909891359,15.5213040698,0.09070942004818547,1.6678204759907602e-05,2021-04-09 11:12:28.800,HSF
SN 2019bus,217.357108659,16.6820600443,0.0823269543358559,1.0006922855944561e-05,2019-03-15 12:07:12.000,HSF
SN 2021iqt,167.763968671,55.1308172089,0.0575778725036584,3.4809243446738687e-06,2021-04-06 06:17:10.000,HSF
SN 2020jsa,216.0998912,26.6897745,0.03655528919276548,2.101453799748358e-05,2020-05-11 05:21:59.040,HSF
SN 2020mby,269.96866088333,50.490919833333,0.05321530138161165,2.214113568214243e-06,2020-06-09 06:52:08.000,HSF
SN 2022udi,257.273350909,52.9603581818,0.04965319310153161,6.362434388750005e-07,2022-09-15 05:41:52.224,HSF
SN 2019eiy,265.224311043,38.7354072064,0.0410283837093727,0.00016511422712308526,2019-05-01 13:43:40.000,HSF
SN 2020skp,20.6945575895,10.0313499223,0.05858278472058127,5.49541662332384e-06,2020-08-30 08:43:30.996,HSF
SN 2019buq,222.7990876,-9.4388482,0.0391170480716686,2.881107850315201e-06,2019-03-14 13:17:45.000,HSF
SN 2019wmx,42.696083,33.512589,0.0398915972729374,2.268235847347434e-05,2019-12-13 08:44:09.000,HSF
SN 2021abzi,127.21563621,12.53838219,0.06715312364529197,2.0013845711889123e-05,2021-10-22 11:28:01.998,HSF
SN 2020tug,359.866168993,17.8652140746,0.05673287584654204,5.900452084432045e-06,2020-09-19 08:47:06.000,HSF
SN 2021bms,42.379875,40.551069,0.030081810797254943,0.00011574674103375877,2021-01-31 05:25:26.400,HSF
SN 2019odb,247.472714286,37.5839928571,0.07343747119882515,2.6685127615852164e-05,2019-08-21 06:59:02.000,HSF
SN 2022mts,280.6807833,-22.0785356,0.029166844484126417,0.0001300899971272793,2022-06-11 09:33:46.944,HSF
SN 2022vnj,0.31943735,36.969959375,0.04075486115131022,0.00012341871522331626,2022-09-20 09:17:39.998,HSF
SN 2021fwy,196.672414083,9.33175093174,0.0728337201865165,1.0006922855944561e-05,2021-03-17 03:17:15.072,HSF
SN 2019hvv,18.6016168137,-7.47539192041,0.018126873625353177,0.00013075712531767562,2019-06-20 13:29:16.000,HSF
SN 2022sjf,319.2902443,6.5975454,0.03335366553662629,9.564892238883571e-06,2022-08-26 05:58:33.600,HSF
SN 2022mox,203.6868626,33.8897511,0.02336249566358337,3.2689281329418906e-05,2022-06-12 07:16:40.999,HSF
SN 2020uek,13.4788046341,-31.0935546341,0.03194209775617504,7.338410094359345e-05,2020-09-23 10:39:21.600,HSF
SN 2022mxq,208.70830335,20.6008757,0.07012184409255552,1.0006922855944561e-05,2022-06-17 05:08:54.001,HSF
SN 2020yef,37.892947033333,-14.151611533333,0.05377536959048867,3.408058790777685e-06,2020-10-24 11:02:24.000,HSF
SN 2021zfw,322.907,11.83295,0.028835281773499456,1.5010384283916844e-05,2021-09-22 09:05:45.600,HSF
SN 2021dch,196.349005565,29.5096292514,0.02014060006806442,1.0006922855944561e-05,2021-02-16 11:48:28.800,HSF
SN 2021lnf,144.507625,-16.858719,0.038947610883526634,0.00011674743331935322,2021-05-04 03:59:02.400,HSF
SN 2021kjh,199.966652643,7.76054621278,0.04927075250171904,6.671281903963041e-06,2021-04-21 08:25:07.997,HSF
SN 2020vav,278.540468297,25.7858623848,0.05554608194173995,4.309491786067682e-06,2020-10-07 06:54:43.200,HSF
SN 2020cli,247.986216708,14.0442381041,0.053510352151687555,1.0006922855944561e-05,2020-02-12 11:26:47.000,HSF
SN 2020jfc,287.5295,40.00935,0.027555729904319343,0.00011007615141539018,2020-05-05 08:51:16.001,HSF
SN 2022rlp,241.25292233333334,27.258235499999998,0.045664924632627016,2.3349486663870643e-05,2022-08-16 04:40:41.002,HSF
SN 2021ikn,118.831167,41.14455,0.06898294132626466,5.5624314069593894e-06,2021-04-04 04:49:17.000,HSF
SN 2021yma,78.8049181,-27.8423376,0.0812673087908132,2.63603433509757e-06,2021-09-08 14:35:31.200,HSF
SN 2020cbf,230.716408075,38.4496064575,0.040134431934241654,1.0006922855944561e-05,2020-02-08 10:53:56.000,HSF
SN 2019nzv,233.261604176,40.4331300643,0.09665686786556853,6.671281903963041e-06,2019-08-21 06:40:19.000,HSF
SN 2020tap,341.055804123,-18.1782786968,0.05375051830023023,0.00011674743331935322,2020-09-11 11:15:21.600,HSF
SN 2020dko,204.987747244,0.828189947664,0.022650336320335317,7.471835732438606e-05,2020-02-25 11:58:53.999,HSF
SN 2020qqn,356.320996628,21.3588386509,0.026351563520654014,2.0013845711889123e-05,2020-08-01 11:05:40.992,HSF
SN 2022rmp,111.7935012,33.8350964,0.02621480224162277,6.671281903963041e-06,2022-08-18 12:07:12.000,HSF
SN 2020oms,324.545762383,6.74103520404,0.06503832728173568,1.3342563807926082e-05,2020-07-11 03:27:38.880,HSF
SN 2020var,331.028542,-19.685789,0.03653727673162479,0.00010073635674984193,2020-10-07 08:29:45.600,HSF
SN 2022rvz,286.7188996,34.6097853,0.06087752513989542,1.1014380271966856e-05,2022-08-22 06:54:04.000,HSF
SN 2021aggu,136.88,18.436031,0.02911013858794273,6.671281903963041e-06,2021-12-13 12:40:19.200,HSF
SN 2021ble,174.764958,-9.410319,0.04985654189764994,7.090522371563934e-06,2021-01-30 22:29:16.800,HSF
SN 2019due,240.406638802,16.4359352776,0.04334098358138149,0.0002321606102579138,2019-04-22 11:58:33.000,HSF
SN 2019fma,154.846875,44.40855,0.023436213328622165,0.00014343256093520538,2019-05-15 07:22:04.000,HSF
SN 2019dwz,238.6720725,-30.64721,0.04607963148708845,2.990802540674131e-06,2019-04-24 11:24:00.000,HSF
SN 2020wgr,125.915583,-0.168331,0.034964188458670296,0.0001300899971272793,2020-10-13 11:07:00.480,HSF
SN 2021zfs,323.124292,5.346311,0.019630247002411248,1.0006922855944561e-05,2021-09-21 09:20:09.600,HSF
SN 2021jwq,270.230177627,52.7396462498,0.05091845960784143,2.8361601733077613e-06,2021-04-16 11:14:20.999,HSF
SN 2019huh,348.613333,8.2633,0.04072934505459788,3.5652196725688423e-06,2019-06-16 11:30:38.000,HSF
SN 2021fco,159.973958,21.844489,0.05538731731536756,8.672666475151954e-06,2021-03-08 05:52:41.002,HSF
SN 2019ard,130.9015952,47.2535595,0.06912115180696107,1.0006922855944561e-05,2019-02-08 05:05:14.000,HSF
SN 2019hyj,353.752082224,23.139272368,0.05710117688163202,1.177587308363523e-05,2019-06-19 10:39:50.000,HSF
SN 2020bpu,71.91388492,-14.64837688,0.04152872985216993,7.671974189557497e-05,2020-02-02 04:06:31.000,HSF
SN 2020ust,24.74227655,48.88053775,0.0746452175272362,1.4343689648949054e-06,2020-10-01 07:40:02.001,HSF
SN 2021dlb,223.279024907,3.53730799047,0.03335307387886322,1.0006922855944561e-05,2021-02-20 10:08:32.001,HSF
SN 2020wio,60.0061374897,-24.6002298081,0.0640970094050865,0.00013075712531767562,2020-10-13 09:30:49.997,HSF
SN 2022myp,205.438268571,-25.7934157143,0.026338220956846087,0.00010674051046340866,2022-06-19 01:21:14.688,HSF
SN 2021jmi,232.172126,26.155364,0.08648282939792969,9.006230570350107e-06,2021-04-13 10:23:31.200,HSF
SN 2022zwa,117.9025073,27.3804354,0.026810000000000004,0.00077749,2022-11-10 10:57:06.912,HSF
SN 2020aai,152.991262889,-1.95169505239,0.045261312077437256,0.00020013845711889123,2020-01-16 08:02:43.000,HSF
SN 2021ybx,47.6240381264,-11.7301606057,0.0533455631103761,3.7517724218241733e-06,2021-09-05 13:19:12.000,HSF
SN 2019ekb,213.048401903,40.0986428271,0.067288,0.000167,2019-05-03 06:41:21.000,HSF
SN 2021gez,245.54178907,21.2222280379,0.03207018636873113,1.5010384283916844e-05,2021-03-18 13:23:31.200,HSF
SN 2021ify,261.723722906,13.178865883,0.06087752513989542,1.1014380271966856e-05,2021-04-03 11:06:14.999,HSF
SN 2022yjk,67.2817564,4.271523,0.0311688455844,0.0009038969999999999,2022-10-17 08:52:48.000,HSF
SN 2021bbz,176.348333,20.324461,0.023311793921113252,9.339794665548258e-06,2021-01-23 05:45:36.000,HSF
SN 2020cvw,119.482958,30.026939,0.05103530656531726,1.0006922855944561e-05,2020-02-19 03:54:18.000,HSF
SN 2019vjm,151.17075,4.816411,0.029840643956426684,0.00015343948379114994,2019-11-23 12:00:00.000,HSF
SN 2021mhv,186.014375,35.703639,0.04682272560705981,1.4009691998322387e-05,2021-05-15 08:23:59.000,HSF
SN 2020lsc,243.515625,14.282639,0.03029462468999137,2.4016614854266945e-05,2020-06-05 05:27:06.624,HSF
SN 2021cjf,37.9653006875,2.0502541375,0.04021181880432763,3.869343504298564e-05,2021-02-09 06:43:12.000,HSF
SN 2021zek,284.106417,-16.182169,0.02990600859246894,0.00014127206512410187,2021-09-13 04:03:56.998,HSF
SN 2022vye,357.0752952,2.3411815,0.029997419081169815,3.6692050471796725e-05,2022-09-26 08:37:55.998,HSF
SN 2020ysl,121.425333,-9.814519,0.03641719365735345,7.271697275319715e-05,2020-11-01 14:00:57.600,HSF
SN 2019hzd,229.309583,-25.197311,0.05052161785871211,9.006230570350105e-05,2019-06-23 08:35:31.000,HSF
SN 2020lil,219.498583,9.388539,0.030714581885845842,1.6678204759907602e-05,2020-05-29 06:35:34.996,HSF
SN 2021zfq,298.19425,50.54665,0.025964629170224157,0.00012341871522331626,2021-09-19 05:17:07.872,HSF
SN 2021ckc,178.648712033,25.3834358597,0.0530867257507859,1.0006922855944561e-05,2021-02-07 11:45:38.998,HSF
SN 2021vqb,23.997542,-34.020311,0.06770016876141695,0.0002134810209268173,2021-08-09 13:32:09.600,HSF
SN 2019vdg,95.8830948768,50.3999618559,0.0360649499728242,0.0003702561456699488,2019-11-18 08:53:01.000,HSF
SN 2019mrj,236.67979,28.197915,0.0762994511356253,1.3342563807926082e-05,2019-08-05 04:13:57.000,HSF
SN 2021hwq,212.39735713,11.1530969245,0.0794409319681661,4.477016215323482e-06,2021-04-03 09:05:34.999,HSF
SN 2019ahi,207.902495092,-8.84007972787,0.028343608297177376,8.005538284755649e-05,2019-01-29 14:12:28.000,HSF
SN 2021mid,239.539519013,12.0439766922,0.0414613499049399,2.3683050759068796e-05,2021-05-15 07:34:26.112,HSF
SN 2020nin,276.527708,30.222531,0.060604783046535195,-0.49995494857429984,2020-06-20 08:49:22.368,HSF
SN 2021blp,142.973665807,35.5517484652,0.026890936662589425,1.1007615141539018e-05,2021-01-31 12:00:00.000,HSF
SN 2021kkj,320.887426667,-10.57276,0.09027740187904838,2.707926310255293e-06,2021-04-22 14:19:40.800,HSF
SN 2021bta,210.6848938,25.557550477778,0.06107558583078165,1.3342563807926082e-05,2021-02-04 10:41:21.998,HSF
SN 2021lyi,153.74239586667,-3.5389890166667,0.07631612934038522,0.00016678204759907602,2021-05-08 05:57:43.004,HSF
SN 2020cot,158.898527022,22.6406374755,0.09815457065300824,2.0013845711889123e-05,2020-02-12 10:09:20.000,HSF
SN 2019bas,246.715458,29.3857,0.07830083570681422,1.0006922855944561e-05,2019-02-24 12:02:36.000,HSF
SN 2020jjf,233.784425502,23.9455693262,0.06426779422182796,1.6678204759907602e-05,2020-05-09 06:31:57.216,HSF
SN 2021abmp,11.176542,-38.183911,0.023253753768548775,9.206369027468998e-05,2021-10-14 07:35:02.400,HSF
SN 2006hx,18.488792,0.371667,0.045500,None,2006-09-28 00:00:00.000,CSP
SN 2005bo,192.420958,-11.096472,0.013900,None,2005-04-17 00:00:00.000,CSP
SN 2009I,41.293333,-4.713722,0.026200,None,2009-01-13 00:00:00.000,CSP
SN 2007bm,171.259583,-9.798278,0.006200,None,2007-04-20 00:00:00.000,CSP
SN 2008hv,136.891917,3.392250,0.012600,None,2008-12-02 00:00:00.000,CSP
SN 2004gc,80.458125,6.676028,0.032100,None,2004-11-18 00:00:00.000,CSP
SN 2008gl,20.228417,4.805306,0.034000,None,2008-10-20 00:00:00.000,CSP
SN 2006D,193.141417,-9.775222,0.008500,None,2006-01-11 00:00:00.000,CSP
SN 2009al,162.841958,8.578528,0.022100,None,2009-02-26 00:00:00.000,CSP
SN 2008O,104.393583,-45.812306,0.038900,None,2008-01-22 00:00:00.000,CSP
SN 2005mc,126.776500,21.646000,0.025200,None,2005-12-23 00:00:00.000,CSP
SN 2007A,6.319417,12.886806,0.017700,None,2007-01-02 00:00:00.000,CSP
SN 2007le,354.701708,-6.522583,0.006700,None,2007-10-13 00:00:00.000,CSP
SN 2006ej,9.749042,-9.015722,0.020500,None,2006-08-23 00:00:00.000,CSP
SN 2008hu,122.311500,-18.653639,0.049700,None,2008-12-01 00:00:00.000,CSP
SN 2004gs,129.596583,17.627722,0.026700,None,2004-12-12 00:00:00.000,CSP
SN 2007af,215.587625,-0.393778,0.005500,None,2007-03-01 00:00:00.000,CSP
SN 2005lu,39.015458,-17.263889,0.032000,None,2005-12-11 00:00:00.000,CSP
SN 2007ol,24.348750,-0.312000,0.055900,None,2007-10-29 00:00:00.000,CSP
SN 2008fl,294.186833,-37.551250,0.019900,None,2008-09-07 00:00:00.000,CSP
SN 2006py,340.425208,-0.136917,0.057900,None,2006-11-15 00:00:00.000,CSP
SN 2004eo,308.225792,9.928528,0.015700,None,2004-09-17 00:00:00.000,CSP
SN 2006kf,55.460333,8.156944,0.021300,None,2006-10-21 00:00:00.000,CSP
SN 2008ia,132.646458,-61.277944,0.021900,None,2008-12-07 00:00:00.000,CSP
SN 2007on,54.712083,-35.575000,0.006500,None,2007-11-05 00:00:00.000,CSP
SN 2005ag,224.181875,9.328472,0.079700,None,2005-02-10 00:00:00.000,CSP
SN 2007as,141.900042,-80.177556,0.017600,None,2007-03-13 00:00:00.000,CSP
SN 2006fw,26.793083,-0.147000,0.083500,None,2006-09-11 00:00:00.000,CSP
SN 2004ey,327.282542,0.444222,0.015800,None,2004-10-14 00:00:00.000,CSP
SN 2008cd,198.757292,-15.951889,0.007400,None,2008-04-29 00:00:00.000,CSP
SN 2007jd,44.972375,1.160722,0.072600,None,2007-09-05 00:00:00.000,CSP
SN 2005ku,344.927542,0.013694,0.045400,None,2005-11-10 00:00:00.000,CSP
SN 2005kc,338.530583,5.568417,0.015100,None,2005-11-09 00:00:00.000,CSP
SN 2008bc,144.630125,-63.973778,0.015100,None,2008-03-13 00:00:00.000,CSP
SN 2007jg,52.461750,0.056833,0.037100,None,2007-09-14 00:00:00.000,CSP
SN 2007hx,31.612833,-0.899528,0.079400,None,2007-09-03 00:00:00.000,CSP
SN 2007sr,180.470000,-18.972694,0.005500,None,2007-12-18 00:00:00.000,CSP
SN 2008cf,211.885667,-26.551833,0.046000,None,2008-05-04 00:00:00.000,CSP
SN 2008bf,181.012083,20.245167,0.023500,None,2008-03-18 00:00:00.000,CSP
SN 2006lu,138.823458,-25.600083,0.053400,None,2006-10-30 00:00:00.000,CSP
SN 2008bq,100.260458,-38.038611,0.034000,None,2008-04-02 00:00:00.000,CSP
SN 2007hj,345.449542,15.586500,0.014100,None,2007-09-01 00:00:00.000,CSP
SN 2006bh,340.067083,-66.485083,0.010900,None,2006-04-02 00:00:00.000,CSP
SN 2008cc,315.873417,-67.183639,0.010400,None,2008-04-24 00:00:00.000,CSP
SN 2007st,27.176958,-48.649389,0.021200,None,2007-12-22 00:00:00.000,CSP
SN 2005hj,21.701125,-1.238000,0.057400,None,2005-10-26 00:00:00.000,CSP
SN 2009ds,177.267125,-9.729139,0.019300,None,2009-04-28 00:00:00.000,CSP
SN 2008ar,186.158000,10.838167,0.026100,None,2008-02-27 00:00:00.000,CSP
SN 2007so,41.929708,13.254111,0.029700,None,2007-12-13 00:00:00.000,CSP
SN 2006ob,27.950458,0.263417,0.059200,None,2006-11-13 00:00:00.000,CSP
SN 2006br,202.507500,13.415778,0.024600,None,2006-04-25 00:00:00.000,CSP
SN 2005ki,160.117583,9.202333,0.019200,None,2005-11-18 00:00:00.000,CSP
SN 2005ir,19.182333,0.794556,0.076300,None,2005-10-28 00:00:00.000,CSP
SN 2006os,43.754583,16.009667,0.032800,None,2006-11-21 00:00:00.000,CSP
SN 2006ax,171.014417,-12.291444,0.016700,None,2006-03-20 00:00:00.000,CSP
SN 2005iq,359.635417,-18.709167,0.034000,None,2005-11-05 00:00:00.000,CSP
SN 2005hc,29.199750,-0.213722,0.045900,None,2005-10-12 00:00:00.000,CSP
SN 2008bz,189.740583,11.129500,0.060300,None,2008-04-22 00:00:00.000,CSP
SN 2008fu,45.618750,-24.455972,0.052000,None,2008-09-25 00:00:00.000,CSP
SN 2006ev,322.746917,13.989222,0.028700,None,2006-09-12 00:00:00.000,CSP
SN 2007nq,14.389875,-1.388611,0.045000,None,2007-10-21 00:00:00.000,CSP
SN 2007ca,202.774208,-15.101833,0.014100,None,2007-04-25 00:00:00.000,CSP
SN 2008R,45.973750,-11.994278,0.013500,None,2008-01-27 00:00:00.000,CSP
SN 2005bg,184.321583,16.371556,0.023100,None,2005-03-28 00:00:00.000,CSP
SN 2007bd,127.888667,-1.199444,0.030900,None,2007-04-04 00:00:00.000,CSP
SN 2009ag,107.920042,-26.685083,0.008600,None,2009-02-18 00:00:00.000,CSP
SN 2006X,185.724958,15.809194,0.005200,None,2006-02-04 00:00:00.000,CSP
SN 2006dd,50.673417,-37.203611,0.005900,None,2006-06-19 00:00:00.000,CSP
SN 2008gg,21.346000,-18.172444,0.032000,None,2008-10-09 00:00:00.000,CSP
SN 2008gp,50.753042,1.361889,0.033400,None,2008-10-27 00:00:00.000,CSP
SN 2008hj,1.007958,-11.168750,0.037900,None,2008-11-20 00:00:00.000,CSP
SN 2006gj,49.399167,-1.691722,0.028400,None,2006-09-18 00:00:00.000,CSP
SN 2005A,37.680208,-2.938833,0.019100,None,2005-01-05 00:00:00.000,CSP
SN 2009cz,138.750083,29.735306,0.021100,None,2009-04-06 00:00:00.000,CSP
SN 2005be,224.886333,16.669889,0.035000,None,2005-04-05 00:00:00.000,CSP
SN 2009ad,75.889083,6.659917,0.028400,None,2009-02-13 00:00:00.000,CSP
SN 2006et,10.690917,-23.558444,0.022600,None,2006-09-03 00:00:00.000,CSP
SN 2006is,79.393208,-23.781722,0.031000,None,2006-09-18 00:00:00.000,CSP
SN 2009P,170.161583,-3.546194,0.025100,None,2009-01-28 00:00:00.000,CSP
SN 2007bc,169.810708,20.809028,0.020800,None,2007-04-04 00:00:00.000,CSP
SN 2008C,104.298042,20.437139,0.016600,None,2008-01-03 00:00:00.000,CSP
SN 2007cg,201.389917,-24.652250,0.033200,None,2007-05-11 00:00:00.000,CSP
SN 2005am,139.051958,-16.304444,0.007900,None,2005-02-22 00:00:00.000,CSP
SN 2005al,207.501375,-30.576167,0.012400,None,2005-02-24 00:00:00.000,CSP
SN 2009aa,170.926167,-22.270694,0.027300,None,2009-02-03 00:00:00.000,CSP
SN 2006ef,31.081292,-8.728389,0.017900,None,2006-08-18 00:00:00.000,CSP
SN 2008fr,17.954750,14.640833,0.039700,None,2008-09-14 00:00:00.000,CSP
SN 2004ef,340.541750,19.994556,0.031000,None,2004-09-04 00:00:00.000,CSP
SN 2008fp,109.135833,-29.325500,0.005700,None,2008-09-11 00:00:00.000,CSP
SN 2009D,58.595125,-19.181722,0.025000,None,2009-01-02 00:00:00.000,CSP
SN 2005na,105.402583,14.133250,0.026300,None,2005-12-31 00:00:00.000,CSP
SN 2009le,32.321417,-23.412444,0.017800,None,2009-11-16 00:00:00.000,CSP
SN 2009ab,64.151625,2.764167,0.011200,None,2009-02-08 00:00:00.000,CSP
SN 2008ff,303.499833,-44.352167,0.019300,None,2008-09-01 00:00:00.000,CSP
SN 2004dt,30.553208,-0.097639,0.019700,None,2004-08-11 00:00:00.000,CSP
SN 2008go,332.686792,-20.788111,0.062300,None,2008-10-22 00:00:00.000,CSP
SN 2009Y,220.599375,-17.246778,0.009400,None,2009-02-01 00:00:00.000,CSP
SN 2005el,77.953000,5.194278,0.014900,None,2005-09-25 00:00:00.000,CSP
SN 2006eq,322.154708,1.228194,0.049500,None,2006-08-26 00:00:00.000,CSP
