# Object Type: Normal SNe Ia; Date: 2004-2009, 2019-2023; Number SNe: 742
Name,RA,DEC,Redshift,Discovery Date (UT),Data Source(s)
SN 2023hnl,21:42:11.214,-34:09:46.94,0.0176,2023-05-02 02:43:16.032,HSF
SN 2022rbp,01:41:07.186,-13:21:26.21,0.066106,2022-08-10 09:37:26.400,HSF
SN 2021lug,17:18:23.136,-00:23:15.48,0.04,2021-05-05 09:36:00.000,HSF
SN 2020jht,11:59:12.293,+11:30:19.77,0.0304,2020-05-09 04:03:46.656,HSF
SN 2021yam,04:18:38.760,+35:39:38.05,0.03,2021-09-02 11:47:02.400,HSF
SN 2020mbf,20:23:32.720,+19:42:39.96,0.04735,2020-06-09 11:24:00.000,HSF
SN 2020jgl,09:28:58.426,-14:48:19.88,0.006758,2020-05-07 06:54:43.200,HSF
SN 2019rrt,10:17:19.790,+36:39:03.82,0.033476,2019-10-02 12:07:14.000,HSF
SN 2021lma,10:41:32.125,+52:39:03.66,0.064376,2021-05-06 04:48:58.000,HSF
SN 2020tzb,01:55:59.831,-02:20:43.36,0.08,2020-09-22 08:30:31.997,HSF
SN 2020xcz,19:15:40.670,+55:39:52.86,0.07,2020-10-15 05:11:37.003,HSF
SN 2020vnr,00:03:16.553,+02:15:07.84,0.09,2020-10-07 07:53:18.004,HSF
SN 2021bnb,05:18:48.491,-36:37:30.25,0.041976,2021-02-02 08:47:02.400,HSF
SN 2022rvb,19:23:14.332,+41:56:10.54,0.065,2022-08-20 07:49:26.400,HSF
SN 2021hwk,14:19:02.717,-07:23:26.11,0.041,2021-04-03 09:59:49.004,HSF
SN 2020kui,13:21:27.313,+48:26:27.99,0.1,2020-05-23 07:56:38.400,HSF
SN 2022mzr,13:29:57.089,+31:43:21.37,0.099,2022-06-19 05:20:24.000,HSF
SN 2022abjn,04:43:05.622,-12:27:14.01,0.055,2022-11-23 11:41:08.160,HSF
SN 2020kbw,15:25:58.515,+46:18:44.50,0.08,2020-05-12 11:11:02.400,HSF
SN 2019hvj,15:25:06.930,+11:35:06.76,0.0852,2019-06-20 04:31:47.000,HSF
SN 2019huq,15:54:38.048,+24:41:26.96,0.09,2019-06-16 05:04:37.000,HSF
SN 2021adu,06:08:54.040,-39:41:36.92,0.053,2021-01-13 09:12:57.600,HSF
SN 2020uea,02:31:21.169,+43:27:53.25,0.019544,2020-09-24 09:37:11.004,HSF
SN 2021zqc,18:32:26.140,+51:34:07.61,0.028,2021-09-27 04:24:57.600,HSF
SN 2021hlw,10:03:54.228,+49:25:10.32,0.050822,2021-03-29 04:15:53.997,HSF
SN 2022ik,08:00:23.777,+56:36:59.62,0.04,2022-01-09 11:16:48.000,HSF
SN 2021dov,08:56:18.710,-00:26:31.70,0.012,2021-02-22 06:36:00.000,HSF
SN 2022mzs,13:42:35.490,+30:11:27.28,0.03465,2022-06-17 06:52:51.001,HSF
SN 2020bpz,11:40:58.565,-11:26:57.44,0.04,2020-02-01 12:05:45.000,HSF
SN 2021mfg,20:25:24.130,-22:43:11.17,0.059,2021-05-13 12:44:38.400,HSF
SN 2022mto,22:59:40.805,-09:33:28.59,0.076,2022-06-13 10:52:24.997,HSF
SN 2021huu,11:54:26.690,+55:04:26.33,0.046248,2021-04-03 06:50:49.920,HSF
SN 2021huu,11:54:26.690,+55:04:26.33,0.046248,2021-04-03 06:50:49.920,HSF
SN 2021huu,11:54:26.690,+55:04:26.33,0.046248,2021-04-03 06:50:49.920,HSF
SN 2021huu,11:54:26.690,+55:04:26.33,0.046248,2021-04-03 06:50:49.920,HSF
SN 2021huu,11:54:26.690,+55:04:26.33,0.046248,2021-04-03 06:50:49.920,HSF
SN 2021huu,11:54:26.690,+55:04:26.33,0.046248,2021-04-03 06:50:49.920,HSF
SN 2021huu,11:54:26.690,+55:04:26.33,0.046248,2021-04-03 06:50:49.920,HSF
SN 2021huu,11:54:26.690,+55:04:26.33,0.046248,2021-04-03 06:50:49.920,HSF
SN 2021wvj,14:49:21.973,+09:40:31.05,0.02816,2021-08-24 04:24:32.000,HSF
SN 2019ged,10:04:41.210,+40:02:31.38,0.064,2019-05-31 04:21:10.000,HSF
SN 2019ihl,22:22:11.357,-04:00:24.34,0.1,2019-06-27 10:10:37.000,HSF
SN 2020ocv,17:46:36.924,+20:30:17.01,0.063,2020-07-08 05:29:28.320,HSF
SN 2020obe,01:36:45.920,-11:44:03.30,0.043497,2020-07-06 13:35:02.400,HSF
SN 2021wuf,17:56:02.510,+18:21:14.08,0.01,2021-08-23 08:55:40.800,HSF
SN 2020tul,00:36:43.641,+33:06:21.01,0.08,2020-09-20 07:08:45.004,HSF
SN 2021lat,14:40:53.790,+24:58:17.97,0.0338979997,2021-05-04 09:26:39.264,HSF
SN 2020jsh,09:46:21.430,+03:04:23.77,0.01998,2020-05-12 03:43:05.952,HSF
SN 2019gip,19:57:01.399,+50:10:42.69,0.031462,2019-05-31 11:49:55.000,HSF
SN 2019bbd,12:38:06.406,+08:02:46.33,0.0859,2019-02-25 08:32:15.000,HSF
SN 2021btm,15:46:31.980,+22:32:14.78,0.042,2021-02-04 12:04:38.001,HSF
SN 2020jee,11:42:14.700,+20:05:51.07,0.01993,2020-05-05 04:33:16.128,HSF
SN 2019bcw,12:45:20.525,+42:03:39.13,0.035,2019-02-24 13:29:16.000,HSF
SN 2021ybw,21:58:12.370,-11:28:22.07,0.087,2021-09-05 10:01:55.200,HSF
SN 2021ymm,05:15:09.006,-16:01:39.25,0.059374,2021-09-07 11:08:09.600,HSF
SN 2019blm,08:39:20.188,+17:11:16.97,0.067,2019-02-27 05:40:05.000,HSF
SN 2020jjh,16:32:17.340,+50:11:25.94,0.047369,2020-05-09 07:26:38.688,HSF
SN 2022rng,23:54:34.182,-25:05:40.26,0.09,2022-08-17 09:02:52.800,HSF
SN 2021bto,16:13:27.040,+23:20:15.20,0.076,2021-02-04 12:10:02.001,HSF
SN 2021gjm,07:42:21.220,+12:09:56.81,0.0451,2021-03-19 04:06:37.996,HSF
SN 2019ycb,12:18:48.640,+05:44:15.40,0.046,2019-12-27 15:53:16.000,HSF
SN 2019iei,13:56:07.205,+37:33:51.66,0.06,2019-06-26 07:09:07.000,HSF
SN 2021lny,13:41:03.951,-25:36:09.33,0.0954,2021-05-07 06:00:39.001,HSF
SN 2022rti,21:36:57.610,+15:03:55.52,0.11,2022-08-21 07:31:22.080,HSF
SN 2020cvo,07:15:40.730,+30:46:09.91,0.03,2020-02-19 03:19:26.000,HSF
SN 2020vnq,01:47:47.157,+42:00:16.22,0.075,2020-10-07 08:07:39.999,HSF
SN 2022ruz,00:35:39.929,+28:33:23.96,0.075,2022-08-19 10:22:04.800,HSF
SN 2021wus,02:14:42.438,+16:04:47.93,0.04,2021-08-23 12:31:40.800,HSF
SN 2021mku,11:21:46.373,-05:28:45.25,0.025,2021-05-15 05:05:20.999,HSF
SN 2019vju,11:04:00.220,-18:46:35.44,0.012872,2019-11-23 20:30:08.000,HSF
SN 2021hzo,12:00:40.095,+51:50:27.32,0.063,2021-04-03 06:18:43.001,HSF
SN 2020urj,08:06:36.870,+10:27:26.68,0.04185,2020-10-02 11:06:35.001,HSF
SN 2019fcf,17:40:17.630,+17:41:39.16,0.052,2019-05-12 10:53:45.000,HSF
SN 2020npb,17:59:58.220,+44:51:45.61,0.038,2020-06-23 07:22:42.000,HSF
SN 2020uec,21:09:48.530,+15:08:54.89,0.016,2020-09-23 05:52:04.000,HSF
SN 2021aceu,01:16:04.100,+37:38:53.50,0.030344,2021-10-22 07:40:48.000,HSF
SN 2021akx,13:52:54.726,-28:34:03.92,0.049,2021-01-15 14:52:48.000,HSF
SN 2020rlj,23:01:09.614,+23:29:14.00,0.045,2020-08-16 07:13:53.003,HSF
SN 2021aip,10:37:22.058,-07:22:00.48,0.026,2021-01-14 10:03:35.001,HSF
SN 2021xgx,16:55:09.430,+26:39:49.07,0.0347,2021-08-31 07:06:14.400,HSF
SN 2022qsn,02:42:59.857,-19:11:40.74,0.064,2022-08-05 11:25:26.400,HSF
SN 2019fyi,14:21:17.224,+35:30:31.75,0.0298,2019-05-25 07:10:37.000,HSF
SN 2021vkc,21:53:47.201,+17:10:15.04,0.099,2021-08-04 07:43:19.001,HSF
SN 2019opx,01:52:38.856,-06:21:22.05,0.087874,2019-08-24 13:00:28.000,HSF
SN 2019vpz,01:18:33.390,-00:13:41.66,0.05,2019-11-24 03:33:50.000,HSF
SN 2020eci,15:23:14.896,+00:03:53.79,0.069,2020-03-04 15:02:52.800,HSF
SN 2021ash,13:19:42.767,-04:31:45.09,0.041,2021-01-16 13:37:55.200,HSF
SN 2022ssl,22:53:46.370,+51:27:51.06,0.064,2022-08-29 06:38:52.800,HSF
SN 2021aadr,10:39:14.616,+20:17:54.18,0.04233,2021-10-01 12:32:37.003,HSF
SN 2019oke,21:06:15.547,-07:25:11.53,0.06934,2019-08-23 10:19:12.000,HSF
SN 2019xfx,02:24:13.180,-10:30:15.34,0.053,2019-12-20 03:03:14.000,HSF
SN 2019pff,16:45:49.840,+45:05:10.72,0.05964,2019-09-01 03:23:47.000,HSF
SN 2021abza,18:31:37.109,+30:54:37.05,0.04106478941915,2021-10-22 05:11:02.400,HSF
SN 2019pdy,02:31:38.751,+09:44:51.73,0.07,2019-08-31 13:27:50.000,HSF
SN 2020cvn,07:13:37.200,+42:46:52.25,0.04,2020-02-16 03:49:37.000,HSF
SN 2021wue,01:15:47.375,+01:30:21.00,0.08,2021-08-20 09:58:03.000,HSF
SN 2020aar,02:09:37.278,+15:17:45.08,0.05,2020-01-16 03:22:39.000,HSF
SN 2019wzy,01:59:40.288,+05:58:55.08,0.075,2019-12-16 03:30:23.000,HSF
SN 2021lxb,13:01:58.650,+28:00:30.85,0.0259,2021-05-09 06:33:07.200,HSF
SN 2019ywf,02:58:42.280,+32:34:22.84,0.039,2019-12-29 03:13:14.000,HSF
SN 2022rmj,17:09:21.284,+04:10:16.32,0.049,2022-08-15 04:10:33.600,HSF
SN 2022udc,04:23:51.146,-10:18:30.19,0.05,2022-09-14 14:31:36.192,HSF
SN 2021iio,19:04:59.757,+50:44:02.45,0.086,2021-04-03 11:19:40.800,HSF
SN 2020cbo,14:20:33.223,-33:19:43.05,0.04,2020-02-08 12:47:31.000,HSF
SN 2022rnu,01:40:43.470,-14:28:43.72,0.063,2022-08-17 11:29:45.600,HSF
SN 2020vwv,06:55:20.540,-36:22:46.92,0.033,2020-10-11 13:50:52.800,HSF
SN 2020sjo,04:26:21.950,-10:05:55.72,0.031141,2020-08-31 11:21:00.000,HSF
SN 2020dhj,14:53:30.382,+17:17:20.90,0.04417,2020-02-24 11:01:04.000,HSF
SN 2022ruh,02:57:22.177,+10:19:30.52,0.03,2022-08-21 14:26:01.824,HSF
SN 2019dwd,10:42:54.607,+21:37:29.13,0.05123,2019-04-24 05:50:16.000,HSF
SN 2020nef,15:19:59.141,+20:42:47.35,0.041,2020-06-19 06:07:28.416,HSF
SN 2022ssh,02:01:05.954,+15:19:17.20,0.073,2022-08-26 10:39:21.600,HSF
SN 2019dyo,09:01:06.873,+52:39:03.74,0.030003,2019-04-25 07:29:16.000,HSF
SN 2020bdx,07:01:10.775,+36:03:35.61,0.09,2020-01-25 04:09:27.000,HSF
SN 2020lip,22:37:53.615,+09:57:28.05,0.089,2020-05-29 10:47:58.998,HSF
SN 2020ysq,23:03:39.092,-08:02:13.06,0.08,2020-10-31 06:25:55.200,HSF
SN 2021msv,13:00:23.790,-11:57:55.80,0.054,2021-05-18 08:32:38.400,HSF
SN 2019vqm,13:32:18.387,+07:56:25.68,0.0236,2019-11-26 15:18:43.000,HSF
SN 2021hlp,10:33:40.940,-03:42:23.98,0.065,2021-03-31 04:04:37.001,HSF
SN 2021fbc,14:18:39.825,+19:44:54.07,0.057,2021-03-05 08:09:53.000,HSF
SN 2021vio,17:34:06.098,+08:30:46.36,0.093,2021-08-08 04:35:51.000,HSF
SN 2021jys,09:01:13.400,+10:26:14.60,0.036,2021-04-17 06:37:26.400,HSF
SN 2021xfo,02:47:53.946,-32:34:13.50,0.063,2021-08-29 13:23:31.200,HSF
SN 2021vju,22:42:24.594,+06:57:38.52,0.026657,2021-08-09 08:59:21.120,HSF
SN 2021jtb,14:58:42.808,+53:40:09.45,0.073349,2021-04-14 10:48:00.000,HSF
SN 2021ads,13:35:07.543,-33:28:59.29,0.013,2021-01-13 07:55:12.000,HSF
SN 2019mrw,23:41:16.820,+25:33:00.07,0.031375,2019-08-05 11:26:20.000,HSF
SN 2021min,14:48:57.660,+18:19:36.08,0.042097,2021-05-15 09:04:19.200,HSF
SN 2020amt,07:34:43.709,+18:02:32.97,0.045,2020-01-23 05:10:57.000,HSF
SN 2021nya,12:18:02.050,+24:43:04.80,0.064468,2021-05-27 06:14:22.000,HSF
SN 2021bmi,12:16:41.420,+41:04:42.11,0.085,2021-02-01 12:40:19.200,HSF
SN 2020vbv,22:56:44.200,+04:29:01.14,0.053,2020-10-07 09:53:16.800,HSF
SN 2021yaj,03:07:19.340,+18:41:36.09,0.0615,2021-09-04 13:16:19.200,HSF
SN 2020tnw,21:05:01.794,+08:16:26.05,0.075,2020-09-14 06:38:37.000,HSF
SN 2021lxg,21:38:55.474,+34:12:19.16,0.07,2021-05-07 11:00:25.001,HSF
SN 2020mnw,14:56:21.075,+09:20:09.86,0.0808,2020-06-13 08:29:45.600,HSF
SN 2020tce,03:01:52.930,+16:59:34.37,0.06,2020-09-13 12:38:52.800,HSF
SN 2020jhf,13:14:53.440,+27:00:31.10,0.015371,2020-05-08 10:13:26.400,HSF
SN 2022eat,11:11:30.980,+19:49:38.17,0.027,2022-03-03 05:26:11.328,HSF
SN 2021wlw,18:34:39.763,+44:14:09.09,0.065,2021-08-20 07:49:26.400,HSF
SN 2021igt,12:45:00.121,+21:08:30.12,0.075382,2021-04-05 09:17:16.800,HSF
SN 2021ghc,09:56:32.990,+00:45:08.24,0.046217,2021-03-19 08:44:09.600,HSF
SN 2020vax,07:17:58.047,+43:34:18.25,0.06,2020-10-05 10:19:12.000,HSF
SN 2021khn,13:03:11.823,-06:39:47.50,0.072,2021-04-19 09:40:19.200,HSF
SN 2019igg,15:19:14.601,+07:51:59.26,0.047,2019-06-24 05:37:38.000,HSF
SN 2022ydi,01:08:00.625,+40:14:00.32,0.05,2022-10-19 09:53:19.392,HSF
SN 2021nyt,16:23:13.818,+26:28:33.39,0.064524,2021-05-29 06:41:20.000,HSF
SN 2022ruk,03:01:48.450,+36:12:55.98,0.04,2022-08-21 13:43:14.016,HSF
SN 2022mvc,15:30:12.550,+07:45:55.15,0.035027,2022-06-16 09:53:02.112,HSF
SN 2021fxy,13:13:01.570,-19:30:45.18,0.0094,2021-03-17 17:23:37.000,HSF
SN 2023gqs,13:49:23.747,+35:00:54.23,0.026,2023-04-24 08:25:12.576,HSF
SN 2020ndv,23:09:38.098,+12:49:48.01,0.035,2020-06-21 12:44:38.400,HSF
SN 2020bqz,15:39:03.566,+31:11:54.35,0.054,2020-02-02 12:28:33.000,HSF
SN 2020kyx,16:13:45.510,+22:55:14.38,0.031985,2020-05-24 06:27:05.003,HSF
SN 2022ssk,02:29:28.543,-05:50:54.09,0.042,2022-08-28 10:35:02.400,HSF
SN 2019fcw,15:12:07.848,+01:03:37.77,0.087,2019-05-13 06:01:30.000,HSF
SN 2021cjx,09:52:01.159,+21:10:26.91,0.11,2021-02-07 07:29:49.001,HSF
SN 2021aaqc,19:51:14.297,-07:05:47.18,0.064,2021-10-06 06:43:12.000,HSF
SN 2021jwl,15:35:34.263,+05:23:32.02,0.038,2021-04-13 10:29:04.004,HSF
SN 2021fnt,13:32:59.422,+32:36:34.50,0.0358,2021-03-14 14:48:28.800,HSF
SN 2020aafx,05:45:48.474,+09:30:07.24,0.05,2020-11-11 10:06:14.400,HSF
SN 2022fw,12:23:54.037,-03:26:37.88,0.0067,2022-01-09 11:45:36.000,HSF
SN 2022shv,18:11:30.563,+36:10:26.39,0.074,2022-08-25 04:17:45.600,HSF
SN 2021fof,14:08:12.794,-08:49:57.76,0.04,2021-03-15 11:58:33.600,HSF
SN 2019fzt,11:15:26.712,+25:57:32.19,0.0462,2019-05-26 06:30:14.000,HSF
SN 2022vwf,19:23:50.064,+44:15:50.34,0.08,2022-09-23 03:49:08.996,HSF
SN 2019sla,08:08:28.776,+01:28:26.18,0.062,2019-10-11 11:39:04.000,HSF
SN 2021aaqb,00:06:38.040,-34:54:15.16,0.04,2021-10-06 09:25:55.200,HSF
SN 2022ssj,00:19:34.608,-17:34:45.92,0.076,2022-08-28 09:07:12.000,HSF
SN 2020wie,07:00:37.409,+35:02:50.17,0.07,2020-10-13 10:15:14.996,HSF
SN 2020yjf,09:42:35.620,-03:29:24.65,0.055,2020-10-28 12:30:14.400,HSF
SN 2019dwq,14:54:15.630,+04:47:34.76,0.02756,2019-04-24 07:07:12.000,HSF
SN 2022mvb,16:02:09.398,-06:26:04.33,0.03,2022-06-16 10:00:59.904,HSF
SN 2021mim,15:40:21.365,+07:16:53.50,0.03812,2021-05-15 07:35:06.003,HSF
SN 2021hwx,15:19:26.610,+23:23:51.47,0.0875,2021-04-03 08:41:15.996,HSF
SN 2020qic,00:15:05.600,+43:20:35.84,0.048,2020-07-24 11:18:30.000,HSF
SN 2021llv,14:11:49.609,+18:00:30.86,0.0829,2021-05-04 06:38:13.004,HSF
SN 2020mvp,14:35:46.540,+24:43:34.43,0.036091,2020-06-17 08:18:14.400,HSF
SN 2020may,12:23:58.950,+48:21:18.90,0.0534,2020-06-09 04:12:54.432,HSF
SN 2020clq,04:33:25.570,-04:15:56.99,0.015007,2020-02-14 03:17:51.000,HSF
SN 2021ymj,17:11:54.181,+34:09:13.14,0.084,2021-09-10 05:42:43.200,HSF
SN 2020ddk,06:12:59.519,+48:09:30.60,0.09,2020-02-21 10:12:00.000,HSF
SN 2020mnv,16:40:43.830,+40:24:52.13,0.025975,2020-06-14 09:38:52.800,HSF
SN 2021pfs,14:03:23.580,-06:01:53.90,0.008733,2021-06-09 05:14:26.002,HSF
SN 2021ihz,15:13:27.322,+25:12:23.99,0.06976,2021-04-03 08:41:15.996,HSF
SN 2023fep,13:48:24.409,-21:31:50.64,0.066,2023-04-11 08:02:24.000,HSF
SN 2019ecs,10:43:32.490,+48:26:44.30,0.04131,2019-04-23 04:58:50.000,HSF
SN 2021ydu,02:28:40.207,-31:45:05.93,0.074,2021-09-06 12:38:52.800,HSF
SN 2020smn,18:07:53.607,+30:34:17.91,0.07,2020-09-04 06:40:28.998,HSF
SN 2022yye,00:32:12.138,+30:42:25.57,0.064,2022-10-25 08:23:59.000,HSF
SN 2021glz,16:24:52.059,+45:10:51.36,0.08,2021-03-19 10:59:25.999,HSF
SN 2021yeq,16:10:01.676,-02:39:14.40,0.0448,2021-09-07 06:10:04.800,HSF
SN 2022aapa,00:24:04.385,+31:09:38.99,0.089,2022-11-15 04:58:04.800,HSF
SN 2022rjx,00:19:10.692,+29:19:56.28,0.08,2022-08-17 07:46:33.600,HSF
SN 2021knh,09:10:08.650,-27:37:26.58,0.03,2021-04-25 04:04:11.997,HSF
SN 2019nft,02:08:36.387,+06:06:43.95,0.073,2019-08-11 11:34:25.000,HSF
SN 2021itd,14:44:51.080,+43:19:00.37,0.081,2021-04-07 07:49:29.001,HSF
SN 2019wfa,21:45:00.860,+09:07:25.79,0.0607,2019-12-08 05:39:50.000,HSF
SN 2021aalx,00:37:08.352,+25:41:37.49,0.032246,2021-10-04 05:39:22.752,HSF
SN 2022abvt,01:30:43.436,-31:30:51.92,0.0303,2022-11-26 02:00:38.592,HSF
SN 2020wob,23:13:37.120,+04:08:56.18,0.04,2020-10-14 06:00:21.997,HSF
SN 2021dit,14:31:22.006,+55:45:47.69,0.041585,2021-02-19 09:40:01.998,HSF
SN 2021j,12:26:27.011,+31:13:20.55,0.002388,2021-01-01 11:44:04.001,HSF
SN 2020nvb,12:28:58.780,+03:34:22.01,0.002939,2020-07-01 13:10:34.000,HSF
SN 2019ava,07:32:58.880,+58:16:44.04,0.04092,2019-02-08 05:18:48.000,HSF
SN 2020rgz,18:12:01.060,+51:43:28.49,0.0285,2020-08-13 05:17:32.997,HSF
SN 2020yxd,02:09:13.675,+33:02:38.09,0.05,2020-11-03 10:23:31.200,HSF
SN 2020zj,16:01:20.380,+16:40:39.79,0.03157,2020-01-07 12:04:19.000,HSF
SN 2021oat,13:00:08.260,+28:10:13.12,0.02252,2021-05-30 09:40:19.200,HSF
SN 2021vnx,19:03:36.839,-27:24:09.93,0.041,2021-08-08 06:02:52.800,HSF
SN 2021hjc,09:25:33.310,-24:45:53.93,0.05369,2021-03-30 05:32:38.400,HSF
SN 2022P,08:04:46.579,-03:35:13.89,0.058,2022-01-01 10:22:04.800,HSF
SN 2020naj,13:59:39.060,+29:42:36.43,0.05,2020-06-19 05:09:56.736,HSF
SN 2019fdc,16:01:06.643,+49:00:35.08,0.0426,2019-05-13 09:14:49.000,HSF
SN 2021dev,10:50:24.150,+00:55:36.93,0.054224,2021-02-17 07:37:30.999,HSF
SN 2020uzw,01:48:28.926,+12:53:46.12,0.0744,2020-10-06 07:37:55.200,HSF
SN 2019xbg,10:33:08.332,-22:11:21.36,0.08,2019-12-19 12:01:11.000,HSF
SN 2019voo,12:19:42.530,-12:13:32.63,0.01391,2019-11-25 14:42:43.000,HSF
SN 2019vnk,04:00:43.550,-09:00:01.72,0.06,2019-11-25 08:47:02.000,HSF
SN 2021ixf,17:30:25.170,+37:00:39.28,0.041,2021-04-10 09:53:34.996,HSF
SN 2020cpn,07:11:31.288,+58:57:05.68,0.080155,2020-02-15 07:36:28.000,HSF
SN 2021kom,10:24:50.280,+03:33:43.49,0.04505,2021-04-28 08:51:21.600,HSF
SN 2021bpq,10:10:10.153,+06:45:03.39,0.1,2021-02-03 09:17:16.999,HSF
SN 2019klr,01:06:42.200,+49:14:03.93,0.025,2019-07-04 13:53:45.000,HSF
SN 2020zem,01:20:52.284,+04:47:44.07,0.034,2020-11-10 10:59:31.200,HSF
SN 2020mdd,15:51:53.805,+34:04:24.19,0.0488,2020-06-10 09:08:38.400,HSF
SN 2022uax,20:02:39.314,-37:58:12.68,0.03,2022-09-12 02:04:12.864,HSF
SN 2020fxa,15:34:33.040,+37:32:01.79,0.064,2020-04-04 11:00:17.001,HSF
SN 2022ytc,02:20:38.077,+53:21:39.33,0.054,2022-10-24 09:17:16.800,HSF
SN 2021lsr,12:59:05.978,-25:22:34.97,0.04,2021-05-06 06:32:29.996,HSF
SN 2023hjq,13:33:12.759,-16:08:26.06,0.020764,2023-04-30 20:48:50.400,HSF
SN 2021kut,10:31:29.773,+06:14:33.51,0.0313620009,2021-05-01 04:05:46.000,HSF
SN 2020zhh,04:26:19.843,-10:05:56.86,0.04,2020-11-11 11:18:14.400,HSF
SN 2020tjo,23:42:19.759,-14:42:10.52,0.087,2020-09-11 10:01:55.200,HSF
SN 2021ydv,22:53:03.218,-36:47:09.16,0.09,2021-09-06 09:21:36.000,HSF
SN 2021wkv,16:31:34.160,+40:34:05.09,0.027329,2021-08-20 06:38:52.800,HSF
SN 2021iaf,15:11:22.520,+26:47:32.14,0.059,2021-04-03 08:41:15.996,HSF
SN 2021koo,09:29:37.900,-06:56:18.42,0.1,2021-04-28 07:13:26.400,HSF
SN 2021wrt,02:33:40.678,+40:40:02.91,0.081,2021-08-20 13:53:45.600,HSF
SN 2019cth,14:45:47.490,+50:23:48.34,0.013433,2019-04-03 06:24:38.000,HSF
SN 2020kqv,20:49:03.001,-31:43:51.86,0.076,2020-05-20 13:59:31.200,HSF
SN 2019myw,22:12:02.666,+00:03:07.92,0.05677,2019-08-08 11:44:09.000,HSF
SN 2020uwr,23:57:03.513,+17:54:14.49,0.08,2020-10-02 06:06:58.003,HSF
SN 2020ywh,09:54:42.658,+45:33:19.05,0.09,2020-11-03 11:53:09.004,HSF
SN 2021hiz,12:25:41.670,+07:13:42.20,0.003319,2021-03-30 08:36:49.003,HSF
SN 2022av,04:14:24.469,-13:32:34.50,0.06,2022-01-05 08:09:36.000,HSF
SN 2022zff,00:28:36.246,-20:32:07.24,0.061,2022-10-28 05:34:04.800,HSF
SN 2021och,14:44:06.640,+18:00:39.46,0.032,2021-06-01 08:19:42.001,HSF
SN 2020wux,01:23:32.005,-19:10:15.58,0.066,2020-10-15 08:52:48.000,HSF
SN 2020aczg,10:01:06.690,+54:47:22.45,0.03,2020-12-17 13:46:33.600,HSF
SN 2020nxk,15:25:19.044,+21:21:14.78,0.08,2020-07-03 08:19:40.800,HSF
SN 2022aw,23:48:50.824,-04:20:05.22,0.05,2022-01-05 05:12:28.800,HSF
SN 2021qdi,11:34:37.137,+05:18:54.12,0.063096,2021-06-15 06:07:12.000,HSF
SN 2021div,16:56:19.779,+39:16:32.96,0.062128,2021-02-17 11:42:54.000,HSF
SN 2022D,10:55:55.549,+00:25:01.21,0.043,2022-01-01 12:25:55.200,HSF
SN 2021mld,15:20:01.144,+22:53:12.02,0.08,2021-05-15 07:38:29.000,HSF
SN 2019wfc,10:36:14.900,+52:56:50.71,0.046586,2019-12-07 14:51:21.000,HSF
SN 2021absz,18:42:55.884,+25:16:09.38,0.058,2021-10-17 03:18:21.997,HSF
SN 2019bqe,09:59:39.911,+35:23:42.47,0.017,2019-03-07 19:26:10.000,HSF
SN 2020szr,23:09:33.100,+15:39:33.37,0.02581,2020-09-11 11:03:50.400,HSF
SN 2020zfu,01:52:09.108,+42:52:11.41,0.074,2020-11-11 07:18:03.001,HSF
SN 2021usd,18:22:03.336,+36:37:20.39,0.02824,2021-08-02 09:01:26.400,HSF
SN 2022yus,06:33:36.511,-17:52:51.35,0.044,2022-10-27 10:04:57.003,HSF
SN 2021lqy,09:17:28.130,-09:48:47.74,0.058,2021-05-08 06:44:38.400,HSF
SN 2023hka,14:10:58.340,-27:03:41.94,0.021538,2023-04-29 09:04:19.200,HSF
SN 2021wfg,21:40:25.241,+11:44:56.10,0.079,2021-08-17 09:15:50.400,HSF
SN 2020tgi,02:17:31.498,+10:32:50.36,0.08,2020-09-14 12:17:16.800,HSF
SN 2022kjk,14:00:45.570,+31:37:25.72,0.041,2022-05-22 08:35:38.976,HSF
SN 2021abht,07:43:00.690,+31:23:11.00,0.035128,2021-10-11 14:51:21.600,HSF
SN 2022rfj,21:32:41.218,-07:13:25.93,0.085526,2022-08-14 07:59:47.996,HSF
SN 2022yxp,04:56:05.617,+01:49:06.93,0.033,2022-10-28 10:37:29.997,HSF
SN 2020cho,10:43:50.732,+18:39:30.26,0.03023,2020-02-12 07:04:08.000,HSF
SN 2021die,13:22:02.633,+54:41:27.31,0.079359,2021-02-17 08:47:14.997,HSF
SN 2019awc,15:27:30.187,+28:41:57.87,0.071,2019-02-08 12:23:57.000,HSF
SN 2022vrj,01:32:58.709,+18:04:34.12,0.04,2022-09-24 08:57:07.200,HSF
SN 2021acaz,17:52:44.467,+56:55:58.81,0.06,2021-10-23 04:46:33.600,HSF
SN 2019dfx,12:47:16.472,-09:41:13.61,0.04,2019-04-08 07:04:12.000,HSF
SN 2022mq,12:14:32.920,-03:37:59.77,0.076,2022-01-11 15:33:07.200,HSF
SN 2020yav,07:27:59.050,+53:04:06.38,0.039,2020-10-22 13:23:31.200,HSF
SN 2019dpu,13:04:18.440,+33:28:15.78,0.075,2019-04-12 05:28:19.000,HSF
SN 2022ojn,18:03:17.970,+11:01:00.19,0.039,2022-07-06 18:03:31.680,HSF
SN 2021bjy,08:49:33.430,+50:52:03.68,0.027489,2021-01-30 11:32:38.400,HSF
SN 2019njp,03:26:45.760,+01:10:59.84,0.0485,2019-08-12 11:56:41.000,HSF
SN 2020dxr,11:44:25.485,+53:34:17.60,0.055238,2020-03-03 09:45:59.000,HSF
SN 2021klg,09:18:23.912,+39:22:51.45,0.02758,2021-04-24 04:17:09.001,HSF
SN 2022rid,23:51:46.098,+03:51:09.34,0.07,2022-08-16 09:32:37.003,HSF
SN 2019eow,17:13:59.193,+03:29:32.66,0.07,2019-05-05 09:04:33.000,HSF
SN 2020cdm,12:35:01.293,-05:29:18.87,0.023,2020-02-09 12:17:16.000,HSF
SN 2022ubr,22:21:47.132,+26:43:31.14,0.05,2022-09-13 10:54:07.200,HSF
SN 2021gba,14:37:03.895,-08:04:35.06,0.1,2021-03-15 12:59:02.400,HSF
SN 2022rdt,00:20:44.590,+28:25:15.90,0.094,2022-08-07 09:53:46.997,HSF
SN 2019ens,11:29:42.600,+24:38:24.76,0.04,2019-05-04 09:00:00.000,HSF
SN 2022ubg,02:50:58.347,+41:03:43.78,0.01,2022-09-13 12:55:05.664,HSF
SN 2022rky,21:14:29.095,-09:02:51.28,0.029774,2022-08-18 07:22:04.800,HSF
SN 2022rjj,00:40:28.838,-09:37:32.64,0.061,2022-08-12 10:57:09.003,HSF
SN 2022szg,02:12:10.389,-06:12:38.99,0.06,2022-08-30 10:52:19.200,HSF
SN 2021dgm,15:50:17.140,+08:21:33.75,0.0594,2021-02-18 11:35:23.001,HSF
SN 2021jje,16:14:55.536,-01:40:38.36,0.05,2021-04-12 14:39:50.400,HSF
SN 2020uvg,01:06:22.947,-20:36:47.55,0.05,2020-10-04 06:48:57.600,HSF
SN 2021cym,08:18:12.908,+10:53:24.93,0.04,2021-02-11 05:05:16.800,HSF
SN 2020ucf,06:02:08.130,+46:30:30.82,0.051,2020-09-22 12:15:58.000,HSF
SN 2020ubu,02:44:13.670,-02:54:14.98,0.08,2020-09-23 09:21:16.992,HSF
SN 2020ywy,01:00:33.452,-01:41:06.00,0.04,2020-11-03 08:21:07.200,HSF
SN 2021feg,14:47:57.326,-22:11:19.24,0.06,2021-03-09 12:01:34.997,HSF
SN 2022tiv,21:23:57.450,-22:44:07.39,0.03,2022-09-01 22:21:30.240,HSF
SN 2021dsi,11:59:31.052,-01:08:47.40,0.07658,2021-02-23 10:23:31.200,HSF
SN 2022abcq,02:11:03.028,+36:28:52.67,0.044,2022-11-19 07:26:24.000,HSF
SN 2022B,10:14:38.513,-00:49:32.14,0.049,2022-01-01 11:51:21.600,HSF
SN 2021aabw,05:29:38.250,-23:59:33.54,0.032,2021-09-30 12:57:36.000,HSF
SN 2023guy,12:55:55.414,+07:55:50.39,0.041528,2023-04-26 06:37:23.808,HSF
SN 2019qeo,09:22:55.510,+54:01:41.63,0.06,2019-09-14 23:08:09.000,HSF
SN 2021vts,16:18:24.780,+38:08:00.06,0.072,2021-08-12 07:10:33.600,HSF
SN 2020uvf,01:14:02.725,+14:22:52.04,0.05951,2020-10-04 06:40:19.200,HSF
SN 2022szq,16:25:31.127,+29:23:53.33,0.091,2022-09-01 04:26:24.000,HSF
SN 2019amo,14:07:21.913,-01:05:32.54,0.055,2019-02-04 15:00:00.000,HSF
SN 2021vxp,03:42:54.422,+46:01:41.29,0.06,2021-08-10 10:53:49.998,HSF
SN 2020ymv,02:30:41.640,-14:34:08.86,0.08,2020-10-27 10:45:18.000,HSF
SN 2020uxz,01:24:06.890,+12:55:17.26,0.008246,2020-10-05 13:45:30.000,HSF
SN 2019ktf,23:32:29.893,-29:33:37.13,0.05,2019-07-07 14:00:57.000,HSF
SN 2021bjz,05:22:14.610,-13:33:45.58,0.0554,2021-01-30 08:25:26.400,HSF
SN 2020tpf,05:25:06.969,-21:14:47.21,0.03,2020-09-17 14:29:45.600,HSF
SN 2022nbq,20:56:45.245,+04:15:06.10,0.075,2022-06-20 09:05:26.998,HSF
SN 2020ver,20:54:19.060,+09:09:29.06,0.0906,2020-10-08 04:29:15.003,HSF
SN 2021kld,21:22:49.469,-20:07:06.53,0.07,2021-04-22 14:21:07.200,HSF
SN 2021gyh,13:03:51.866,-03:27:06.31,0.08,2021-03-20 09:59:02.400,HSF
SN 2020zpi,02:40:20.450,-01:26:48.70,0.03726,2020-11-12 07:35:24.000,HSF
SN 2021abpg,18:16:41.770,+15:17:50.82,0.048,2021-10-15 02:50:36.672,HSF
SN 2021wjb,20:00:49.920,-38:34:38.03,0.02,2021-08-18 02:09:36.000,HSF
SN 2022rhc,15:25:00.270,+34:13:18.12,0.054,2022-08-14 04:58:57.000,HSF
SN 2020xpk,01:37:43.590,-22:42:15.40,0.03,2020-10-20 09:10:38.004,HSF
SN 2020tdy,16:51:21.918,+07:51:41.79,0.03795,2020-09-14 06:36:00.000,HSF
SN 2019bgt,09:12:06.267,+15:54:36.43,0.07159,2019-02-27 10:14:52.000,HSF
SN 2021bpn,08:59:29.581,-02:55:37.57,0.06,2021-02-03 06:58:19.001,HSF
SN 2019ibd,21:41:46.207,+07:12:09.57,0.068,2019-06-21 11:05:16.000,HSF
SN 2021yrf,03:38:40.220,+38:01:17.72,0.016545,2021-09-11 13:20:38.400,HSF
SN 2022nag,18:05:00.655,+09:28:47.85,0.020954,2022-06-17 07:54:04.000,HSF
SN 2020kpx,15:38:10.150,+04:46:50.41,0.02291,2020-05-21 09:28:48.000,HSF
SN 2019spa,03:08:32.225,-10:02:26.86,0.02,2019-10-16 07:34:17.000,HSF
SN 2020uwo,23:45:10.600,-25:49:20.53,0.053067,2020-10-04 06:02:43.996,HSF
SN 2022yz,02:21:24.762,+30:07:57.47,0.04,2022-01-16 07:22:04.800,HSF
SN 2022qye,21:33:32.080,+28:48:45.43,0.042,2022-08-06 09:43:12.000,HSF
SN 2020pst,01:13:12.040,+02:17:01.82,0.046,2020-07-17 11:01:55.000,HSF
SN 2019dfa,09:58:59.850,+17:49:07.39,0.02544,2019-04-10 08:16:47.000,HSF
SN 2020yzs,01:16:02.123,-10:51:52.05,0.0672,2020-11-07 09:21:36.000,HSF
SN 2020unl,06:35:48.100,+55:42:39.89,0.04,2020-09-30 08:51:24.002,HSF
SN 2023eyt,14:41:39.365,+36:39:03.77,0.025,2023-04-08 10:58:04.800,HSF
SN 2019ata,10:14:10.780,-35:09:39.20,0.03,2019-02-09 11:57:07.000,HSF
SN 2019vuh,03:26:42.374,-23:29:55.69,0.036,2019-11-28 08:34:04.000,HSF
SN 2020yvg,20:30:54.942,+19:20:16.78,0.096,2020-11-03 02:51:01.996,HSF
SN 2020nbo,15:58:14.150,+18:06:10.04,0.05,2020-06-17 06:08:46.176,HSF
SN 2022sue,16:26:31.420,+25:53:35.92,0.045,2022-09-01 15:40:39.936,HSF
SN 2019oml,03:00:20.279,+18:44:37.00,0.033,2019-08-24 11:09:00.000,HSF
SN 2021xzl,23:04:09.291,-06:25:13.95,0.044678,2021-09-05 07:29:00.997,HSF
SN 2019obt,00:20:34.613,+05:45:18.16,0.056,2019-08-21 09:06:12.000,HSF
SN 2020uye,01:37:19.308,+04:48:07.01,0.06,2020-09-28 10:58:04.800,HSF
SN 2021caf,08:08:31.092,-17:14:59.37,0.07,2021-02-06 10:30:43.200,HSF
SN 2022syq,00:07:39.840,+12:15:46.92,0.1,2022-08-31 09:34:56.928,HSF
SN 2021kax,12:59:50.568,+22:43:23.85,0.072,2021-04-13 07:59:47.003,HSF
SN 2021biz,12:16:34.755,+33:31:35.51,0.021515,2021-01-29 13:01:55.200,HSF
SN 2020tqn,03:08:58.020,+15:10:23.74,0.08,2020-09-15 09:35:19.003,HSF
SN 2020vdz,08:37:16.050,-05:55:25.64,0.040822,2020-10-08 12:02:52.800,HSF
SN 2019bsp,09:25:26.820,+58:18:51.12,0.042,2019-03-12 09:41:45.000,HSF
SN 2020zpe,04:56:03.780,-25:09:04.00,0.06,2020-11-12 09:33:19.002,HSF
SN 2023fil,09:59:24.019,-05:23:52.24,0.052532,2023-04-12 03:47:31.200,HSF
SN 2022rkc,02:02:13.215,+31:41:42.78,0.07,2022-08-15 10:20:38.400,HSF
SN 2020mga,18:35:30.101,+36:35:32.35,0.04,2020-06-11 07:20:16.800,HSF
SN 2020jol,10:27:21.150,+00:25:19.81,0.022,2020-05-11 06:51:50.400,HSF
SN 2019kai,23:58:16.550,+27:56:47.44,0.04,2019-07-01 14:21:07.000,HSF
SN 2019kcv,14:25:44.578,-03:13:58.89,0.073011,2019-07-02 07:40:48.000,HSF
SN 2022aart,07:59:28.461,+03:09:21.66,0.059,2022-11-14 10:59:31.200,HSF
SN 2022rhm,02:37:42.672,+26:00:27.13,0.051,2022-08-16 08:44:09.600,HSF
SN 2021koq,18:16:01.020,+06:45:06.37,0.020538,2021-04-28 11:39:50.400,HSF
SN 2019bse,09:26:02.510,+18:56:24.56,0.028,2019-03-13 08:09:36.000,HSF
SN 2019drp,14:22:02.612,+30:04:01.22,0.08523,2019-04-19 10:09:25.000,HSF
SN 2020uyg,06:15:19.120,-29:19:09.34,0.045,2020-10-05 13:19:12.000,HSF
SN 2021aut,13:27:15.401,-26:46:34.00,0.047,2021-01-17 14:29:45.600,HSF
SN 2021xoo,23:24:24.301,+45:28:37.97,0.09,2021-09-01 11:38:24.000,HSF
SN 2020ulf,16:01:40.900,+21:21:17.53,0.032169,2020-09-29 05:28:19.200,HSF
SN 2020yxo,01:47:27.121,+00:58:03.50,0.1,2020-11-01 07:25:16.608,HSF
SN 2019hqg,15:40:24.170,+41:47:01.32,0.07,2019-06-13 05:20:17.000,HSF
SN 2020ubl,05:43:17.920,+58:05:05.57,0.04,2020-09-22 11:48:16.998,HSF
SN 2021hji,16:48:41.131,+21:59:49.81,0.057,2021-03-28 11:35:12.002,HSF
SN 2023gxf,17:08:54.100,+19:10:20.41,0.05,2023-04-27 10:28:33.004,HSF
SN 2020wcj,02:52:50.310,-01:13:51.71,0.0237,2020-10-12 09:07:46.560,HSF
SN 2022nbi,21:29:12.710,-00:37:15.31,0.03018,2022-06-17 21:27:21.600,HSF
SN 2020svo,02:42:32.033,-00:57:47.30,0.038748,2020-09-08 12:56:09.600,HSF
SN 2021bjb,14:03:40.318,-34:11:02.05,0.012,2021-01-29 14:26:52.800,HSF
SN 2023hsy,11:09:46.260,+11:11:33.16,0.03773,2023-05-09 04:35:02.400,HSF
SN 2020zpf,23:12:40.484,-11:56:02.05,0.1,2020-11-12 04:08:29.003,HSF
SN 2019bdz,14:48:36.894,+06:48:51.93,0.034683,2019-02-26 13:56:38.000,HSF
SN 2020sme,02:44:20.820,+14:55:16.68,0.0468,2020-09-04 09:12:57.600,HSF
SN 2021gbm,11:42:00.948,-04:12:31.35,0.053,2021-03-18 00:45:30.240,HSF
SN 2020xps,02:57:34.013,+13:28:31.54,0.07,2020-10-18 09:50:52.002,HSF
SN 2022yvv,02:41:43.020,-22:48:51.34,0.022,2022-10-26 08:34:04.800,HSF
SN 2020xsl,02:10:32.619,-11:48:47.69,0.094,2020-10-20 10:01:55.200,HSF
SN 2020tel,17:03:25.930,+35:59:58.81,0.08,2020-09-12 06:15:50.400,HSF
SN 2021yjq,15:15:00.318,+17:24:02.63,0.0748,2021-09-08 06:08:38.400,HSF
SN 2022edq,13:11:47.448,+17:27:38.90,0.071,2022-03-03 08:40:03.999,HSF
SN 2020zhd,07:05:21.201,+18:13:31.80,0.08,2020-11-10 13:22:04.800,HSF
SN 2021iov,09:26:38.837,-07:05:13.66,0.053944,2021-04-08 07:58:04.800,HSF
SN 2022rkd,15:56:23.896,+12:07:56.34,0.076,2022-08-15 04:24:57.600,HSF
SN 2020tkp,23:58:10.572,+22:46:12.45,0.035,2020-09-14 08:07:09.120,HSF
SN 2022yxy,21:42:13.076,-19:32:31.77,0.066,2022-10-27 03:02:52.800,HSF
SN 2023hrn,11:08:35.072,+04:48:52.11,0.0231,2023-05-08 02:02:30.912,HSF
SN 2020swx,01:39:56.256,+08:47:12.47,0.09,2020-09-09 11:35:31.200,HSF
SN 2021wqc,02:26:24.340,-16:40:13.87,0.069,2021-08-20 09:56:09.600,HSF
SN 2019gci,12:39:35.566,+45:22:37.73,0.0469,2019-05-29 04:36:08.000,HSF
SN 2019weu,23:24:33.190,+05:06:39.35,0.038,2019-12-08 06:56:09.000,HSF
SN 2022I,10:15:53.970,-02:41:36.67,0.053,2022-01-01 11:52:48.000,HSF
SN 2022nb,04:56:14.903,-09:02:05.78,0.088,2022-01-05 08:21:07.200,HSF
SN 2020kkc,14:35:23.056,-13:39:14.71,0.08,2020-05-18 05:59:04.998,HSF
SN 2022ba,02:57:48.420,-14:53:07.80,0.036,2022-01-05 07:19:12.000,HSF
SN 2022tku,01:22:37.411,+35:51:54.06,0.081,2022-08-31 10:39:21.600,HSF
SN 2022vsq,23:01:54.049,+43:10:09.80,0.051,2022-09-22 12:08:24.576,HSF
SN 2022ablu,01:20:07.093,+42:43:00.71,0.061,2022-11-24 03:16:17.996,HSF
SN 2020wtq,01:13:08.065,+28:40:37.21,0.007,2020-10-12 06:21:36.000,HSF
SN 2020kku,17:32:33.723,+15:44:09.17,0.085,2020-05-18 09:42:30.001,HSF
SN 2020wlw,00:57:30.828,+35:44:22.47,0.12,2020-10-14 09:59:02.400,HSF
SN 2022H,09:49:45.282,+06:17:47.72,0.069,2022-01-01 11:47:02.400,HSF
SN 2022tra,06:33:19.424,+41:17:07.24,0.059,2022-09-02 10:12:00.000,HSF
SN 2020wap,00:53:51.724,-18:18:39.19,0.1,2020-10-08 08:36:49.997,HSF
SN 2023gxc,13:26:19.117,+01:32:29.19,0.0777,2023-04-27 07:06:37.996,HSF
SN 2020krw,15:02:45.909,+58:32:05.31,0.078,2020-05-21 09:59:02.400,HSF
SN 2022zqu,05:54:54.533,-22:57:47.43,0.052,2022-11-06 06:30:29.088,HSF
SN 2020swy,01:23:55.560,-38:00:49.54,0.032,2020-09-09 11:03:50.400,HSF
SN 2019iml,17:31:17.360,+36:27:02.34,0.0498,2019-06-29 10:09:07.000,HSF
SN 2023hro,12:43:46.625,-20:09:29.64,0.02731,2023-05-07 22:52:37.344,HSF
SN 2021pzt,00:50:39.721,+38:19:17.60,0.076,2021-06-13 14:05:16.800,HSF
SN 2020vex,02:36:45.778,+20:33:14.54,0.07,2020-10-08 08:51:31.000,HSF
SN 2021abpz,10:31:55.142,+49:21:55.85,0.05212,2021-10-16 11:38:48.002,HSF
SN 2020jwl,18:18:39.279,+19:11:23.67,0.06,2020-05-10 08:05:47.040,HSF
SN 2019bgs,16:03:22.120,+27:29:54.49,0.075,2019-02-27 15:04:19.000,HSF
SN 2021ill,09:19:45.340,-30:52:40.76,0.056,2021-04-07 07:29:16.800,HSF
SN 2021gad,15:26:03.982,+36:19:23.23,0.07,2021-03-17 10:13:04.999,HSF
SN 2020xqr,04:30:51.043,+09:04:06.65,0.06,2020-10-21 08:08:02.688,HSF
SN 2020tfc,22:17:00.804,+30:39:21.07,0.03,2020-09-12 10:23:31.200,HSF
SN 2019wqd,14:33:10.630,+06:03:48.82,0.0552,2019-12-14 13:35:52.000,HSF
SN 2022yuj,07:50:11.228,+37:26:52.58,0.0764,2022-10-25 13:32:07.872,HSF
SN 2019eok,17:05:31.663,+12:34:06.33,0.04,2019-05-04 13:16:19.000,HSF
SN 2022ucj,04:30:51.150,-16:18:21.89,0.032,2022-09-14 02:44:44.160,HSF
SN 2020zgh,01:15:53.433,+00:00:57.61,0.045,2020-11-11 06:26:58.004,HSF
SN 2020til,22:47:09.421,-05:35:29.14,0.094,2020-09-15 07:12:04.000,HSF
SN 2021iai,13:43:30.743,+09:37:24.27,0.06975,2021-04-01 07:59:16.002,HSF
SN 2019yfu,12:45:36.360,+01:11:00.99,0.0845,2019-12-27 12:36:00.000,HSF
SN 2020oil,17:54:25.190,+15:37:04.84,0.045,2020-07-08 05:29:28.320,HSF
SN 2020add,10:20:02.254,+06:37:54.46,0.108,2020-01-17 11:38:24.000,HSF
SN 2021pyz,19:16:11.914,+45:08:54.63,0.061,2021-06-13 08:54:15.998,HSF
SN 2022nbn,22:11:25.370,-16:36:36.50,0.049,2022-06-14 09:35:04.998,HSF
SN 2022nab,18:38:57.891,+48:23:04.81,0.1,2022-06-19 13:34:31.296,HSF
SN 2019gcj,10:55:06.229,+57:38:56.16,0.04616,2019-05-30 04:14:00.000,HSF
SN 2020kru,19:15:35.903,+53:20:21.50,0.02723,2020-05-21 11:55:40.800,HSF
SN 2021ddh,08:39:29.117,-01:24:29.01,0.036,2021-02-17 10:12:00.000,HSF
SN 2019fkv,20:31:06.710,+08:44:22.26,0.055,2019-05-15 13:45:07.000,HSF
SN 2019ons,21:54:05.050,-16:09:34.27,0.037,2019-08-25 08:54:10.000,HSF
SN 2022trc,01:15:03.092,+14:05:08.24,0.06,2022-09-04 10:13:26.400,HSF
SN 2020ees,13:27:15.190,+32:02:01.03,0.024424,2020-03-05 11:19:40.800,HSF
SN 2020aabz,02:54:59.040,+04:03:37.01,0.0241,2020-11-16 07:39:21.600,HSF
SN 2019xvx,14:12:08.880,-04:07:13.48,0.06,2019-12-25 04:40:48.000,HSF
SN 2022son,21:32:52.595,-06:10:42.54,0.084,2022-08-29 06:49:28.004,HSF
SN 2020yzv,03:21:26.889,+03:36:23.49,0.073,2020-11-07 10:58:04.800,HSF
SN 2021accx,23:40:01.560,+27:16:37.49,0.031,2021-10-24 09:34:33.600,HSF
SN 2020ywf,23:13:45.705,+14:55:08.30,0.086,2020-11-02 04:44:14.997,HSF
SN 2020yvu,23:00:59.870,+40:54:38.16,0.01,2020-11-04 08:49:55.200,HSF
SN 2020ytj,23:04:04.410,+20:17:05.10,0.063152,2020-11-02 04:43:34.000,HSF
SN 2023gwx,19:44:33.436,+05:21:29.84,0.08,2023-04-27 10:07:24.004,HSF
SN 2019one,02:04:23.949,+03:11:12.53,0.063,2019-08-14 09:34:33.000,HSF
SN 2020buy,13:04:10.469,-04:32:03.97,0.09,2020-02-03 12:54:43.000,HSF
SN 2019omi,03:48:59.790,+00:55:36.91,0.0358,2019-08-24 11:07:03.000,HSF
SN 2021cac,09:55:05.473,-15:00:33.55,0.067,2021-02-06 11:11:02.400,HSF
SN 2021cbx,07:19:12.760,+56:31:55.52,0.07,2021-02-05 06:27:37.999,HSF
SN 2020qlr,17:28:52.900,+57:55:05.23,0.05,2020-07-29 03:51:23.996,HSF
SN 2021bkw,14:21:13.614,+20:42:53.99,0.0182,2021-01-31 13:16:19.200,HSF
SN 2019bsu,17:03:07.314,+27:56:43.52,0.06,2019-03-11 14:47:02.000,HSF
SN 2022aapl,02:34:40.568,-26:13:46.57,0.0575,2022-11-15 02:59:30.624,HSF
SN 2021bsf,12:06:04.040,+20:32:13.31,0.0237,2021-02-04 14:58:33.600,HSF
SN 2020zjn,05:08:08.774,+10:23:01.64,0.04,2020-11-12 09:04:39.996,HSF
SN 2022klg,13:52:43.750,+59:16:42.56,0.03,2022-05-22 09:16:31.872,HSF
SN 2022rcj,00:23:05.130,+29:16:26.26,0.075,2022-08-07 09:53:16.800,HSF
SN 2020ayh,19:21:08.160,+43:19:43.21,0.017,2020-01-25 04:19:12.000,HSF
SN 2021vt,13:27:07.776,+11:21:08.61,0.087,2021-01-09 11:36:56.002,HSF
SN 2020xtz,18:11:51.090,+14:58:56.82,0.007612,2020-10-21 03:57:33.002,HSF
SN 2020jge,18:14:44.504,+43:27:22.12,0.058,2020-05-04 11:17:19.968,HSF
SN 2021zw,12:44:32.960,+26:47:42.22,0.08,2021-01-09 09:42:16.998,HSF
SN 2022rnz,18:48:32.878,+36:02:23.11,0.07,2022-08-18 06:11:31.200,HSF
SN 2021low,11:44:46.260,+20:07:34.28,0.021958,2021-05-06 05:35:31.200,HSF
SN 2023hwg,16:47:41.584,+09:40:11.63,0.044,2023-05-10 00:39:33.408,HSF
SN 2022mtp,17:26:12.485,+27:37:07.38,0.086,2022-06-13 07:28:22.999,HSF
SN 2020nei,13:07:35.908,+43:33:36.05,0.062,2020-06-17 05:44:50.208,HSF
SN 2021fwm,10:37:18.173,-05:09:38.29,0.07,2021-03-15 08:45:36.000,HSF
SN 2022tvz,19:55:01.660,-21:05:57.37,0.0233,2022-09-09 20:31:03.360,HSF
SN 2021dnm,12:37:24.213,+23:05:36.74,0.046105,2021-02-20 08:55:51.000,HSF
SN 2021jvs,14:57:44.805,+06:37:27.77,0.021,2021-04-16 08:43:57.996,HSF
SN 2022mme,18:33:36.124,+41:29:22.15,0.08,2022-06-09 11:04:24.960,HSF
SN 2021xjt,22:54:08.509,-32:24:47.37,0.075,2021-08-31 10:45:07.200,HSF
SN 2020ufe,05:24:04.525,-23:01:27.13,0.075,2020-09-25 13:30:43.200,HSF
SN 2019fyb,10:19:53.649,+22:06:18.53,0.0438,2019-05-24 06:50:23.000,HSF
SN 2023epo,09:54:11.630,+34:08:30.46,0.018,2023-04-07 06:33:58.176,HSF
SN 2022shl,00:10:29.923,+42:36:10.55,0.031,2022-08-27 08:47:02.400,HSF
SN 2019ope,23:06:52.557,-37:51:01.18,0.06,2019-08-25 03:21:36.000,HSF
SN 2022sfg,02:58:43.847,+09:57:07.36,0.062,2022-08-23 11:36:57.600,HSF
SN 2019ftd,12:57:41.135,-24:28:35.91,0.028,2019-05-22 09:14:24.000,HSF
SN 2022zoa,09:58:31.277,-02:49:14.89,0.047266,2022-11-05 11:27:48.001,HSF
SN 2022kj,10:44:29.517,+23:50:13.25,0.044,2022-01-09 11:22:33.600,HSF
SN 2021dnl,14:47:02.988,+00:28:32.79,0.056,2021-02-20 08:36:03.000,HSF
SN 2020kzn,15:38:11.563,+03:01:40.20,0.078,2020-05-22 07:31:30.720,HSF
SN 2022mxe,15:32:45.412,+23:05:11.10,0.059,2022-06-17 05:36:30.997,HSF
SN 2019kpv,23:47:05.600,-34:42:35.06,0.0425,2019-07-05 13:13:26.000,HSF
SN 2020cxx,03:12:19.620,+41:16:56.10,0.02,2020-02-20 02:52:35.000,HSF
SN 2021irx,13:47:38.374,+15:31:16.69,0.090764,2021-04-09 11:12:28.800,HSF
SN 2020vau,20:11:36.110,-30:54:56.90,0.085,2020-10-07 07:20:38.400,HSF
SN 2019bus,14:29:25.706,+16:40:55.42,0.09,2019-03-15 12:07:12.000,HSF
SN 2021iqt,11:11:03.352,+55:07:50.94,0.062,2021-04-06 06:17:10.000,HSF
SN 2020jsa,14:24:23.974,+26:41:23.19,0.0365,2020-05-11 05:21:59.040,HSF
SN 2020zbc,00:49:27.515,+23:24:45.38,0.056,2020-11-08 09:15:50.400,HSF
SN 2020mby,17:59:52.479,+50:29:27.31,0.05,2020-06-09 06:52:08.000,HSF
SN 2021ymf,04:10:42.653,-36:07:49.71,0.09,2021-09-08 14:19:40.800,HSF
SN 2021gdm,15:49:33.053,+04:40:15.54,0.112,2021-03-18 09:08:45.001,HSF
SN 2022udi,17:09:05.600,+52:57:37.12,0.04,2022-09-15 05:41:52.224,HSF
SN 2019eiy,17:40:53.835,+38:44:07.47,0.041028,2019-05-01 13:43:40.000,HSF
SN 2020skp,01:22:46.694,+10:01:52.86,0.0595,2020-08-30 08:43:30.996,HSF
SN 2022rlq,18:03:35.129,+41:37:34.95,0.07,2022-08-16 04:55:01.001,HSF
SN 2019buq,14:51:11.781,-09:26:19.85,0.039,2019-03-14 13:17:45.000,HSF
SN 2020mue,14:20:38.139,-35:54:01.28,0.09,2020-06-16 06:57:36.000,HSF
SN 2021kkz,16:35:56.345,+18:04:58.16,0.061948,2021-04-24 07:28:50.880,HSF
SN 2019wmx,02:50:47.060,+33:30:45.32,0.039978,2019-12-13 08:44:09.000,HSF
SN 2021abzi,08:28:51.753,+12:32:18.18,0.067155,2021-10-22 11:28:01.998,HSF
SN 2020tug,23:59:27.881,+17:51:54.77,0.05,2020-09-19 08:47:06.000,HSF
SN 2021bms,02:49:31.170,+40:33:03.85,0.030121,2021-01-31 05:25:26.400,HSF
SN 2019odb,16:29:53.451,+37:35:02.37,0.073481,2019-08-21 06:59:02.000,HSF
SN 2022mts,18:42:43.388,-22:04:42.73,0.029167,2022-06-11 09:33:46.944,HSF
SN 2019hoc,17:16:24.950,+36:06:50.83,0.04,2019-06-15 11:21:07.000,HSF
SN 2022vnj,00:01:16.667,+36:58:11.85,0.041,2022-09-20 09:17:39.998,HSF
SN 2021fwy,13:06:41.379,+09:19:54.30,0.07,2021-03-17 03:17:15.072,HSF
SN 2021ftu,12:17:16.360,-13:30:46.85,0.08,2021-03-15 11:29:45.600,HSF
SN 2021fck,08:41:22.683,+02:53:23.36,0.056,2021-03-05 04:05:27.001,HSF
SN 2019hvv,01:14:24.388,-07:28:31.41,0.018,2019-06-20 13:29:16.000,HSF
SN 2022sjf,21:17:09.670,+06:35:51.11,0.042,2022-08-26 05:58:33.600,HSF
SN 2019zho,10:50:29.276,+08:53:53.38,0.072,2019-12-29 14:45:36.000,HSF
SN 2020lfe,23:48:18.228,+33:08:56.28,0.03,2020-05-27 10:54:22.000,HSF
SN 2019ftg,12:52:57.131,-13:02:12.53,0.06,2019-05-22 08:58:33.000,HSF
SN 2022mox,13:34:44.820,+33:53:23.06,0.023199,2022-06-12 07:16:40.999,HSF
SN 2020uek,00:53:54.913,-31:05:36.80,0.031942,2020-09-23 10:39:21.600,HSF
SN 2022mxq,13:54:49.990,+20:36:03.10,0.074,2022-06-17 05:08:54.001,HSF
SN 2020yef,02:31:34.307,-14:09:05.80,0.053,2020-10-24 11:02:24.000,HSF
SN 2021zfw,21:31:37.680,+11:49:58.62,0.028,2021-09-22 09:05:45.600,HSF
SN 2021dch,13:05:23.761,+29:30:34.67,0.020165,2021-02-16 11:48:28.800,HSF
SN 2019iev,20:41:35.481,-20:57:24.47,0.08,2019-06-25 13:06:14.000,HSF
SN 2021lnf,09:38:01.830,-16:51:31.39,0.038934,2021-05-04 03:59:02.400,HSF
SN 2021kjh,13:19:51.997,+07:45:37.97,0.04931,2021-04-21 08:25:07.997,HSF
SN 2020vav,18:34:09.712,+25:47:09.10,0.05,2020-10-07 06:54:43.200,HSF
SN 2020xyh,01:30:48.414,+34:48:07.31,0.11,2020-10-16 08:44:24.288,HSF
SN 2020cli,16:31:56.692,+14:02:39.26,0.05351,2020-02-12 11:26:47.000,HSF
SN 2020jfc,19:10:07.080,+40:00:33.66,0.027556,2020-05-05 08:51:16.001,HSF
SN 2022rlp,16:05:00.709,+27:15:29.86,0.04566,2022-08-16 04:40:41.002,HSF
SN 2021ikn,07:55:19.480,+41:08:40.38,0.07,2021-04-04 04:49:17.000,HSF
SN 2021yma,05:15:13.180,-27:50:32.42,0.08,2021-09-08 14:35:31.200,HSF
SN 2020cbf,15:22:51.938,+38:26:58.58,0.04,2020-02-08 10:53:56.000,HSF
SN 2019nzv,15:33:02.785,+40:25:59.27,0.096482,2019-08-21 06:40:19.000,HSF
SN 2021ijy,17:13:56.953,+39:05:55.67,0.07,2021-04-04 09:43:25.997,HSF
SN 2020tap,22:44:13.393,-18:10:41.80,0.053741,2020-09-11 11:15:21.600,HSF
SN 2021kpu,15:22:19.677,+22:40:54.42,0.069,2021-04-29 12:33:07.200,HSF
SN 2020jdo,18:15:43.645,+58:12:54.94,0.071,2020-05-01 11:13:10.000,HSF
SN 2020dko,13:39:57.059,+00:49:41.48,0.0225,2020-02-25 11:58:53.999,HSF
SN 2020qqn,23:45:17.039,+21:21:31.82,0.045,2020-08-01 11:05:40.992,HSF
SN 2019nwf,04:05:04.980,-06:36:17.34,0.057,2019-08-19 10:56:40.000,HSF
SN 2021lxo,14:01:38.718,+19:29:47.18,0.05975,2021-05-08 07:06:52.001,HSF
SN 2022rmp,07:27:10.440,+33:50:06.47,0.026,2022-08-18 12:07:12.000,HSF
SN 2020oms,21:38:10.983,+06:44:27.73,0.06506,2020-07-11 03:27:38.880,HSF
SN 2020var,22:04:06.850,-19:41:08.84,0.0369,2020-10-07 08:29:45.600,HSF
SN 2020zwe,23:30:16.517,-12:40:04.64,0.08,2020-11-11 05:02:55.104,HSF
SN 2022rvz,19:06:52.533,+34:36:35.11,0.079,2022-08-22 06:54:04.000,HSF
SN 2021aggu,09:07:31.200,+18:26:09.71,0.029,2021-12-13 12:40:19.200,HSF
SN 2021ble,11:39:03.590,-09:24:37.15,0.045,2021-01-30 22:29:16.800,HSF
SN 2019due,16:01:37.593,+16:26:09.37,0.04346,2019-04-22 11:58:33.000,HSF
SN 2019fma,10:19:23.250,+44:24:30.78,0.023436,2019-05-15 07:22:04.000,HSF
SN 2019dwz,15:54:41.297,-30:38:49.96,0.05,2019-04-24 11:24:00.000,HSF
SN 2020wgr,08:23:39.740,-00:10:05.99,0.03496,2020-10-13 11:07:00.480,HSF
SN 2020ygj,05:54:59.782,+54:26:37.66,0.07,2020-10-23 10:28:12.000,HSF
SN 2021zfs,21:32:29.830,+05:20:46.72,0.019623,2021-09-21 09:20:09.600,HSF
SN 2020lkq,13:20:23.790,+45:15:40.18,0.085,2020-05-28 05:12:51.264,HSF
SN 2020bdf,02:55:47.832,+15:06:01.17,0.035,2020-01-27 02:56:59.000,HSF
SN 2021jwq,18:00:55.243,+52:44:22.73,0.0498,2021-04-16 11:14:20.999,HSF
SN 2019huh,23:14:27.200,+08:15:47.88,0.04106,2019-06-16 11:30:38.000,HSF
SN 2021aceo,09:05:25.090,-07:48:52.81,0.048,2021-10-25 14:39:50.400,HSF
SN 2021vht,00:47:10.255,+16:22:29.20,0.074,2021-08-08 08:52:08.999,HSF
SN 2021xjs,18:24:05.696,+30:14:11.87,0.063,2021-08-31 10:01:55.200,HSF
SN 2021fco,10:39:53.750,+21:50:40.16,0.056,2021-03-08 05:52:41.002,HSF
SN 2019ard,08:43:36.383,+47:15:12.81,0.06912,2019-02-08 05:05:14.000,HSF
SN 2019hyj,23:35:00.500,+23:08:21.38,0.06,2019-06-19 10:39:50.000,HSF
SN 2020bpu,04:47:39.332,-14:38:54.16,0.04153,2020-02-02 04:06:31.000,HSF
SN 2020ust,01:38:58.146,+48:52:49.94,0.08,2020-10-01 07:40:02.001,HSF
SN 2021dlb,14:53:06.966,+03:32:14.31,0.033416,2021-02-20 10:08:32.001,HSF
SN 2020wio,04:00:01.473,-24:36:00.83,0.064094,2020-10-13 09:30:49.997,HSF
SN 2022myp,13:41:45.180,-25:47:36.42,0.02633,2022-06-19 01:21:14.688,HSF
SN 2021jmi,15:28:41.310,+26:09:19.31,0.086,2021-04-13 10:23:31.200,HSF
SN 2022zwa,07:51:36.623,+27:22:49.88,0.026807,2022-11-10 10:57:06.912,HSF
SN 2020aai,10:11:57.903,-01:57:06.10,0.045,2020-01-16 08:02:43.000,HSF
SN 2020tzl,02:18:40.800,+50:47:13.03,0.05,2020-09-20 08:51:28.996,HSF
SN 2020vas,22:53:11.649,+11:06:48.74,0.07,2020-10-07 09:51:50.400,HSF
SN 2021ybx,03:10:29.769,-11:43:48.58,0.054,2021-09-05 13:19:12.000,HSF
SN 2019ekb,14:12:11.616,+40:05:55.11,0.0671,2019-05-03 06:41:21.000,HSF
SN 2021gft,10:04:58.550,-18:22:47.64,0.07,2021-03-17 06:03:29.000,HSF
SN 2021ymb,00:20:51.156,-32:51:24.88,0.11,2021-09-08 11:57:07.200,HSF
SN 2021gez,16:22:10.029,+21:13:20.02,0.03206,2021-03-18 13:23:31.200,HSF
SN 2021ify,17:26:53.693,+13:10:43.92,0.056,2021-04-03 11:06:14.999,HSF
SN 2022yjk,04:29:07.583,+04:16:16.79,0.03,2022-10-17 08:52:48.000,HSF
SN 2021bbz,11:45:23.600,+20:19:28.06,0.023,2021-01-23 05:45:36.000,HSF
SN 2020cvw,07:57:55.910,+30:01:36.98,0.051066,2020-02-19 03:54:18.000,HSF
SN 2019vjm,10:04:40.980,+04:48:59.08,0.029841,2019-11-23 12:00:00.000,HSF
SN 2021mhv,12:24:03.450,+35:42:13.10,0.046868,2021-05-15 08:23:59.000,HSF
SN 2020lsc,16:14:03.750,+14:16:57.50,0.037,2020-06-05 05:27:06.624,HSF
SN 2021cjf,02:31:51.672,+02:03:00.91,0.040508,2021-02-09 06:43:12.000,HSF
SN 2021zek,18:56:25.540,-16:10:55.81,0.028,2021-09-13 04:03:56.998,HSF
SN 2022sfc,01:03:20.199,+28:42:49.87,0.033,2022-08-24 10:29:16.800,HSF
SN 2022vye,23:48:18.078,+02:20:28.27,0.029751,2022-09-26 08:37:55.998,HSF
SN 2020ysl,08:05:42.080,-09:48:52.27,0.03,2020-11-01 14:00:57.600,HSF
SN 2019hzd,15:17:14.300,-25:11:50.32,0.05,2019-06-23 08:35:31.000,HSF
SN 2023epj,12:59:53.720,+26:49:09.99,0.0267,2023-04-07 10:15:36.000,HSF
SN 2020lil,14:37:59.660,+09:23:18.74,0.0307,2020-05-29 06:35:34.996,HSF
SN 2021zfq,19:52:46.620,+50:32:47.94,0.0259,2021-09-19 05:17:07.872,HSF
SN 2021ckc,11:54:35.691,+25:23:00.37,0.053072,2021-02-07 11:45:38.998,HSF
SN 2021vqb,01:35:59.410,-34:01:13.12,0.07,2021-08-09 13:32:09.600,HSF
SN 2019vdg,06:23:31.943,+50:23:59.86,0.038,2019-11-18 08:53:01.000,HSF
SN 2019mrj,15:46:43.150,+28:11:52.49,0.0763,2019-08-05 04:13:57.000,HSF
SN 2021hwq,14:09:35.366,+11:09:11.15,0.08,2021-04-03 09:05:34.999,HSF
SN 2019ahi,13:51:36.599,-08:50:24.29,0.02835,2019-01-29 14:12:28.000,HSF
SN 2021mid,15:58:09.485,+12:02:38.32,0.041542,2021-05-15 07:34:26.112,HSF
SN 2020nin,18:26:06.650,+30:13:21.11,0.06,2020-06-20 08:49:22.368,HSF
SN 2021blp,09:31:53.680,+35:33:06.29,0.026872,2021-01-31 12:00:00.000,HSF
SN 2022aaoz,00:53:03.234,+39:01:35.01,0.057,2022-11-15 05:12:28.800,HSF
SN 2021kkj,21:23:32.982,-10:34:21.94,0.091,2021-04-22 14:19:40.800,HSF
SN 2022ryw,18:18:24.270,+30:03:33.37,0.075,2022-08-21 05:54:14.400,HSF
SN 2021bta,14:02:44.375,+25:33:27.18,0.061207,2021-02-04 10:41:21.998,HSF
SN 2021lyi,10:14:58.109,-03:32:21.11,0.07632,2021-05-08 05:57:43.004,HSF
SN 2020cot,10:35:35.646,+22:38:26.29,0.09815,2020-02-12 10:09:20.000,HSF
SN 2019bas,16:26:51.710,+29:23:08.52,0.078316,2019-02-24 12:02:36.000,HSF
SN 2022ueh,01:04:09.460,+20:52:17.03,0.03,2022-09-15 12:46:04.800,HSF
SN 2020jjf,15:35:08.262,+23:56:44.05,0.074,2020-05-09 06:31:57.216,HSF
SN 2021abmp,00:44:42.370,-38:11:02.08,0.023259,2021-10-14 07:35:02.400,HSF
SN 2004dt,02:02:12.77,-00:05:51.5,0.0197,2004-08-11 00:00:00.000,CSP
SN 2004ef,22:42:10.02,+19:59:40.4,0.0310,2004-09-04 00:00:00.000,CSP
SN 2004eo,20:32:54.19,+09:55:42.7,0.0157,2004-09-17 00:00:00.000,CSP
SN 2004ey,21:49:07.81,+00:26:39.2,0.0158,2004-10-14 00:00:00.000,CSP
SN 2004gc,05:21:49.95,+06:40:33.7,0.0321,2004-11-18 00:00:00.000,CSP
SN 2004gs,08:38:23.18,+17:37:39.8,0.0267,2004-12-12 00:00:00.000,CSP
SN 2005A,02:30:43.25,-02:56:19.8,0.0191,2005-01-05 00:00:00.000,CSP
SN 2005ag,14:56:43.65,+09:19:42.5,0.0797,2005-02-10 00:00:00.000,CSP
SN 2005al,13:50:00.33,-30:34:34.2,0.0124,2005-02-24 00:00:00.000,CSP
SN 2005am,09:16:12.47,-16:18:16.0,0.0079,2005-02-22 00:00:00.000,CSP
SN 2005be,14:59:32.72,+16:40:11.6,0.0350,2005-04-05 00:00:00.000,CSP
SN 2005bg,12:17:17.18,+16:22:17.6,0.0231,2005-03-28 00:00:00.000,CSP
SN 2005bo,12:49:41.03,-11:05:47.3,0.0139,2005-04-17 00:00:00.000,CSP
SN 2005el,05:11:48.72,+05:11:39.4,0.0149,2005-09-25 00:00:00.000,CSP
SN 2005hc,01:56:47.94,-00:12:49.4,0.0459,2005-10-12 00:00:00.000,CSP
SN 2005hj,01:26:48.27,-01:14:16.8,0.0574,2005-10-26 00:00:00.000,CSP
SN 2005iq,23:58:32.50,-18:42:33.0,0.0340,2005-11-05 00:00:00.000,CSP
SN 2005ir,01:16:43.76,+00:47:40.4,0.0763,2005-10-28 00:00:00.000,CSP
SN 2005kc,22:34:07.34,+05:34:06.3,0.0151,2005-11-09 00:00:00.000,CSP
SN 2005ki,10:40:28.22,+09:12:08.4,0.0192,2005-11-18 00:00:00.000,CSP
SN 2005ku,22:59:42.61,+00:00:49.3,0.0454,2005-11-10 00:00:00.000,CSP
SN 2005lu,02:36:03.71,-17:15:50.0,0.0320,2005-12-11 00:00:00.000,CSP
SN 2005mc,08:27:06.36,+21:38:45.6,0.0252,2005-12-23 00:00:00.000,CSP
SN 2005na,07:01:36.62,+14:07:59.7,0.0263,2005-12-31 00:00:00.000,CSP
SN 2006ax,11:24:03.46,-12:17:29.2,0.0167,2006-03-20 00:00:00.000,CSP
SN 2006bh,22:40:16.10,-66:29:06.3,0.0109,2006-04-02 00:00:00.000,CSP
SN 2006br,13:30:01.80,+13:24:56.8,0.0246,2006-04-25 00:00:00.000,CSP
SN 2006D,12:52:33.94,-09:46:30.8,0.0085,2006-01-11 00:00:00.000,CSP
SN 2006dd,03:22:41.62,-37:12:13.0,0.0059,2006-06-19 00:00:00.000,CSP
SN 2006ef,02:04:19.51,-08:43:42.2,0.0179,2006-08-18 00:00:00.000,CSP
SN 2006ej,00:38:59.77,-09:00:56.6,0.0205,2006-08-23 00:00:00.000,CSP
SN 2006eq,21:28:37.13,+01:13:41.5,0.0495,2006-08-26 00:00:00.000,CSP
SN 2006et,00:42:45.82,-23:33:30.4,0.0226,2006-09-03 00:00:00.000,CSP
SN 2006ev,21:30:59.26,+13:59:21.2,0.0287,2006-09-12 00:00:00.000,CSP
SN 2006fw,01:47:10.34,-00:08:49.2,0.0835,2006-09-11 00:00:00.000,CSP
SN 2006gj,03:17:35.80,-01:41:30.2,0.0284,2006-09-18 00:00:00.000,CSP
SN 2006hx,01:13:57.31,+00:22:18.0,0.0455,2006-09-28 00:00:00.000,CSP
SN 2006is,05:17:34.37,-23:46:54.2,0.0310,2006-09-18 00:00:00.000,CSP
SN 2006kf,03:41:50.48,+08:09:25.0,0.0213,2006-10-21 00:00:00.000,CSP
SN 2006lu,09:15:17.63,-25:36:00.3,0.0534,2006-10-30 00:00:00.000,CSP
SN 2006ob,01:51:48.11,+00:15:48.3,0.0592,2006-11-13 00:00:00.000,CSP
SN 2006os,02:55:01.10,+16:00:34.8,0.0328,2006-11-21 00:00:00.000,CSP
SN 2006py,22:41:42.05,-00:08:12.9,0.0579,2006-11-15 00:00:00.000,CSP
SN 2006X,12:22:53.99,+15:48:33.1,0.0052,2006-02-04 00:00:00.000,CSP
SN 2007A,00:25:16.66,+12:53:12.5,0.0177,2007-01-02 00:00:00.000,CSP
SN 2007af,14:22:21.03,-00:23:37.6,0.0055,2007-03-01 00:00:00.000,CSP
SN 2007as,09:27:36.01,-80:10:39.2,0.0176,2007-03-13 00:00:00.000,CSP
SN 2007bc,11:19:14.57,+20:48:32.5,0.0208,2007-04-04 00:00:00.000,CSP
SN 2007bd,08:31:33.28,-01:11:58.0,0.0309,2007-04-04 00:00:00.000,CSP
SN 2007bm,11:25:02.30,-09:47:53.8,0.0062,2007-04-20 00:00:00.000,CSP
SN 2007ca,13:31:05.81,-15:06:06.6,0.0141,2007-04-25 00:00:00.000,CSP
SN 2007cg,13:25:33.58,-24:39:08.1,0.0332,2007-05-11 00:00:00.000,CSP
SN 2007hj,23:01:47.89,+15:35:11.4,0.0141,2007-09-01 00:00:00.000,CSP
SN 2007hx,02:06:27.08,-00:53:58.3,0.0794,2007-09-03 00:00:00.000,CSP
SN 2007jd,02:59:53.37,+01:09:38.6,0.0726,2007-09-05 00:00:00.000,CSP
SN 2007jg,03:29:50.82,+00:03:24.6,0.0371,2007-09-14 00:00:00.000,CSP
SN 2007le,23:38:48.41,-06:31:21.3,0.0067,2007-10-13 00:00:00.000,CSP
SN 2007nq,00:57:33.57,-01:23:19.0,0.0450,2007-10-21 00:00:00.000,CSP
SN 2007ol,01:37:23.70,-00:18:43.2,0.0559,2007-10-29 00:00:00.000,CSP
SN 2007on,03:38:50.90,-35:34:30.0,0.0065,2007-11-05 00:00:00.000,CSP
SN 2007so,02:47:43.13,+13:15:14.8,0.0297,2007-12-13 00:00:00.000,CSP
SN 2007sr,12:01:52.80,-18:58:21.7,0.0055,2007-12-18 00:00:00.000,CSP
SN 2007st,01:48:42.47,-48:38:57.8,0.0212,2007-12-22 00:00:00.000,CSP
SN 2008ar,12:24:37.92,+10:50:17.4,0.0261,2008-02-27 00:00:00.000,CSP
SN 2008bc,09:38:31.23,-63:58:25.6,0.0151,2008-03-13 00:00:00.000,CSP
SN 2008bf,12:04:02.90,+20:14:42.6,0.0235,2008-03-18 00:00:00.000,CSP
SN 2008bq,06:41:02.51,-38:02:19.0,0.0340,2008-04-02 00:00:00.000,CSP
SN 2008bz,12:38:57.74,+11:07:46.2,0.0603,2008-04-22 00:00:00.000,CSP
SN 2008C,06:57:11.53,+20:26:13.7,0.0166,2008-01-03 00:00:00.000,CSP
SN 2008cc,21:03:29.62,-67:11:01.1,0.0104,2008-04-24 00:00:00.000,CSP
SN 2008cd,13:15:01.75,-15:57:06.8,0.0074,2008-04-29 00:00:00.000,CSP
SN 2008cf,14:07:32.56,-26:33:06.6,0.0460,2008-05-04 00:00:00.000,CSP
SN 2008ff,20:13:59.96,-44:21:07.8,0.0193,2008-09-01 00:00:00.000,CSP
SN 2008fl,19:36:44.84,-37:33:04.5,0.0199,2008-09-07 00:00:00.000,CSP
SN 2008fp,07:16:32.60,-29:19:31.8,0.0057,2008-09-11 00:00:00.000,CSP
SN 2008fr,01:11:49.14,+14:38:27.0,0.0397,2008-09-14 00:00:00.000,CSP
SN 2008fu,03:02:28.50,-24:27:21.5,0.0520,2008-09-25 00:00:00.000,CSP
SN 2008gg,01:25:23.04,-18:10:20.8,0.0320,2008-10-09 00:00:00.000,CSP
SN 2008gl,01:20:54.82,+04:48:19.1,0.0340,2008-10-20 00:00:00.000,CSP
SN 2008go,22:10:44.83,-20:47:17.2,0.0623,2008-10-22 00:00:00.000,CSP
SN 2008gp,03:23:00.73,+01:21:42.8,0.0334,2008-10-27 00:00:00.000,CSP
SN 2008hj,00:04:01.91,-11:10:07.5,0.0379,2008-11-20 00:00:00.000,CSP
SN 2008hu,08:09:14.76,-18:39:13.1,0.0497,2008-12-01 00:00:00.000,CSP
SN 2008hv,09:07:34.06,+03:23:32.1,0.0126,2008-12-02 00:00:00.000,CSP
SN 2008ia,08:50:35.15,-61:16:40.6,0.0219,2008-12-07 00:00:00.000,CSP
SN 2008O,06:57:34.46,-45:48:44.3,0.0389,2008-01-22 00:00:00.000,CSP
SN 2008R,03:03:53.70,-11:59:39.4,0.0135,2008-01-27 00:00:00.000,CSP
SN 2009aa,11:23:42.28,-22:16:14.5,0.0273,2009-02-03 00:00:00.000,CSP
SN 2009ab,04:16:36.39,+02:45:51.0,0.0112,2009-02-08 00:00:00.000,CSP
SN 2009ad,05:03:33.38,+06:39:35.7,0.0284,2009-02-13 00:00:00.000,CSP
SN 2009ag,07:11:40.81,-26:41:06.3,0.0086,2009-02-18 00:00:00.000,CSP
SN 2009al,10:51:22.07,+08:34:42.7,0.0221,2009-02-26 00:00:00.000,CSP
SN 2009cz,09:15:00.02,+29:44:07.1,0.0211,2009-04-06 00:00:00.000,CSP
SN 2009D,03:54:22.83,-19:10:54.2,0.0250,2009-01-02 00:00:00.000,CSP
SN 2009ds,11:49:04.11,-09:43:44.9,0.0193,2009-04-28 00:00:00.000,CSP
SN 2009I,02:45:10.40,-04:42:49.4,0.0262,2009-01-13 00:00:00.000,CSP
SN 2009le,02:09:17.14,-23:24:44.8,0.0178,2009-11-16 00:00:00.000,CSP
SN 2009P,11:20:38.78,-03:32:46.3,0.0251,2009-01-28 00:00:00.000,CSP
SN 2009Y,14:42:23.85,-17:14:48.4,0.0094,2009-02-01 00:00:00.000,CSP